date,open,high,low,close,volume
1712836800000,704.17,706.49,626.06,647.24,4257.06
1712851200000,647.24,658.77,618.87,638.96,12725.312
1712865600000,638.96,670.91,622.98,623.67,19351.1
1712880000000,623.67,638.97,603.38,614.05,4973.191
1712894400000,614.05,644.59,596.6,638.41,4768.724
1712908800000,638.41,643.73,613.56,614.72,4911.476
1712923200000,614.72,614.93,556.64,572.82,11319.313
1712937600000,572.82,599.5,467.29,537.91,14928.19
1712952000000,537.91,553.51,523.87,538.03,1607.018
1712966400000,538.03,551.88,509.51,549.52,2049.099
1712980800000,549.52,571.12,539.91,542.71,1971.898
1712995200000,542.71,551.78,531.84,533.22,1169.565
1713009600000,533.22,539.47,509.38,510.07,1460.068
1713024000000,510.07,529.9,455.65,469.49,7993.984
1713038400000,469.49,539.3,388.0,509.96,22056.836
1713052800000,509.96,513.7,471.07,486.02,2659.81
1713067200000,486.02,533.57,482.68,524.51,2611.812
1713081600000,524.51,530.87,511.54,519.93,1075.974
1713096000000,519.93,596.65,519.54,584.2,8384.888
1713110400000,584.2,624.44,554.47,588.22,11193.591
1713124800000,588.22,609.1,570.3,587.59,3649.902
1713139200000,587.59,594.6,554.15,559.37,2075.891
1713153600000,559.37,584.35,550.78,566.63,2835.666
1713168000000,566.63,576.0,555.73,570.14,2570.632
1713182400000,570.14,570.14,538.38,558.01,2760.951
1713196800000,558.01,559.77,519.04,539.86,2768.529
1713211200000,539.86,541.04,520.46,525.87,1288.08
1713225600000,525.87,535.46,515.0,522.58,1514.321
1713240000000,522.58,526.64,499.8,518.6,1780.192
1713254400000,518.6,520.52,479.39,481.54,3715.899
1713268800000,481.54,487.39,449.89,456.97,9767.763
1713283200000,456.97,483.86,456.61,478.71,4471.499
1713297600000,478.71,505.05,477.22,500.96,2411.122
1713312000000,500.96,511.16,493.03,501.92,1671.381
1713326400000,501.92,509.55,486.5,493.05,3109.714
1713340800000,493.05,496.2,461.07,463.11,3195.728
1713355200000,463.11,470.66,437.2,445.12,5851.325
1713369600000,445.12,479.94,439.8,458.59,5691.24
1713384000000,458.59,463.22,448.66,455.09,1483.017
1713398400000,455.09,465.99,445.73,458.61,1451.286
1713412800000,458.61,467.99,437.28,443.48,2605.3
1713427200000,443.48,466.28,434.62,456.84,6619.397
1713441600000,456.84,475.53,446.0,468.36,1566.502
1713456000000,468.36,472.07,454.53,470.37,1358.714
1713470400000,470.37,471.05,460.85,466.35,607.332
1713484800000,466.35,466.69,426.28,447.78,1537.751
1713499200000,447.78,471.69,444.01,463.72,1241.696
1713513600000,463.72,476.02,459.52,471.93,1886.511
1713528000000,471.93,477.22,460.54,469.83,1839.893
1713542400000,469.83,469.9,454.7,459.11,984.73
1713556800000,459.11,459.59,428.26,441.6,5390.738
1713571200000,441.6,447.98,433.44,442.57,1054.992
1713585600000,442.57,454.96,441.82,451.86,960.944
1713600000000,451.86,452.57,435.88,440.35,1280.499
1713614400000,440.35,458.99,438.18,457.53,2016.8
1713628800000,457.53,485.23,452.33,482.1,4564.039
1713643200000,482.1,492.72,480.61,484.96,1156.855
1713657600000,484.96,489.62,473.0,476.93,1437.856
1713672000000,476.93,485.52,473.59,477.84,497.593
1713686400000,477.84,480.94,469.62,475.26,936.557
1713700800000,475.26,476.86,460.49,467.99,903.365
1713715200000,467.99,479.83,456.87,475.38,1687.839
1713729600000,475.38,486.32,473.0,474.42,1151.223
1713744000000,474.42,485.98,466.05,481.55,1049.842
1713758400000,481.55,494.98,479.14,482.18,1596.172
1713772800000,482.18,489.7,476.33,485.61,995.234
1713787200000,485.61,489.7,476.89,481.86,1890.294
1713801600000,481.86,524.88,480.67,507.78,3792.34
1713816000000,507.78,530.57,507.1,520.34,3329.692
1713830400000,520.34,531.59,511.05,511.25,1661.156
1713844800000,511.25,519.48,501.47,502.42,1346.455
1713859200000,502.42,516.3,493.07,511.5,2319.617
1713873600000,511.5,529.73,506.34,510.75,3120.961
1713888000000,510.75,514.25,499.99,504.48,805.315
1713902400000,504.48,504.48,494.2,499.71,876.378
1713916800000,499.71,506.42,489.69,494.14,881.204
1713931200000,494.14,501.89,491.2,494.54,743.438
1713945600000,494.54,505.78,491.19,501.02,1807.278
1713960000000,501.02,506.11,469.51,473.13,2824.706
1713974400000,473.13,475.23,443.93,450.25,10153.775
1713988800000,450.25,455.16,443.77,452.18,2174.771
1714003200000,452.18,459.68,447.11,447.73,957.274
1714017600000,447.73,462.68,439.0,461.12,5871.811
1714032000000,461.12,464.75,447.44,456.95,3048.331
1714046400000,456.95,463.34,447.83,462.68,1864.13
1714060800000,462.68,466.04,457.18,463.92,676.951
1714075200000,463.92,472.3,458.01,460.47,713.682
1714089600000,460.47,461.42,444.94,450.82,756.782
1714104000000,450.82,457.8,444.0,444.49,381.432
1714118400000,444.49,449.14,441.5,445.06,983.114
1714132800000,445.06,447.43,430.68,437.13,2142.423
1714147200000,437.13,439.34,432.62,432.79,484.429
1714161600000,432.79,435.35,425.04,426.9,1627.634
1714176000000,426.9,427.14,409.21,419.99,2023.64
1714190400000,419.99,424.77,418.63,422.53,815.345
1714204800000,422.53,423.81,410.51,413.39,1356.687
1714219200000,413.39,424.54,412.94,415.14,899.122
1714233600000,415.14,429.36,414.85,421.88,1065.579
1714248000000,421.88,423.98,418.72,421.47,526.802
1714262400000,421.47,433.76,419.24,431.81,876.06
1714276800000,431.81,437.82,427.0,435.88,1753.888
1714291200000,435.88,436.34,423.24,427.32,1212.011
1714305600000,427.32,435.08,425.56,434.19,567.876
1714320000000,434.19,436.01,430.24,433.67,693.473
1714334400000,433.67,435.8,419.58,422.68,923.454
1714348800000,422.68,430.11,415.46,416.1,1225.098
1714363200000,416.1,421.69,405.82,413.44,2118.948
1714377600000,413.44,414.22,383.02,398.52,6230.946
1714392000000,398.52,409.44,388.36,408.26,3406.851
1714406400000,408.26,409.89,398.81,405.89,1484.42
1714420800000,405.89,411.88,399.12,401.4,1402.561
1714435200000,401.4,406.25,391.42,397.75,2260.852
1714449600000,397.75,398.63,387.37,389.65,1208.834
1714464000000,389.65,389.92,371.88,374.55,3737.235
1714478400000,374.55,382.35,365.0,375.03,4709.559
1714492800000,375.03,380.32,367.31,371.93,2569.026
1714507200000,371.93,392.0,371.92,388.19,2868.467
1714521600000,388.19,392.15,372.33,376.52,1863.024
1714536000000,376.52,377.45,341.75,346.77,6727.353
1714550400000,346.77,364.7,340.0,361.1,5343.34
1714564800000,361.1,366.99,353.96,357.9,1695.469
1714579200000,357.9,390.51,356.09,374.58,3051.969
1714593600000,374.58,384.8,371.16,380.58,683.924
1714608000000,380.58,381.3,365.26,375.35,2802.975
1714622400000,375.35,377.6,370.01,373.21,471.914
1714636800000,373.21,400.83,372.48,397.08,2829.909
1714651200000,397.08,410.95,392.41,401.27,5114.816
1714665600000,401.27,406.44,395.01,401.28,1127.289
1714680000000,401.28,413.7,394.01,404.06,1241.133
1714694400000,404.06,408.46,397.95,406.86,719.796
1714708800000,406.86,407.16,395.71,397.99,782.428
1714723200000,397.99,402.51,392.03,394.22,1190.196
1714737600000,394.22,433.62,393.22,428.44,5861.825
1714752000000,428.44,435.0,417.83,419.75,3154.062
1714766400000,419.75,432.03,419.17,425.62,2289.003
1714780800000,425.62,441.78,422.41,432.2,4925.029
1714795200000,432.2,441.42,428.62,431.6,6485.307
1714809600000,431.6,454.55,430.99,445.48,2901.487
1714824000000,445.48,458.54,443.36,448.35,7387.354
1714838400000,448.35,461.85,443.13,460.83,1772.145
1714852800000,460.83,469.11,444.57,446.4,2099.473
1714867200000,446.4,451.79,429.75,433.72,2849.827
1714881600000,433.72,443.46,429.93,440.37,1610.571
1714896000000,440.37,444.82,436.8,437.88,791.267
1714910400000,437.88,458.35,433.21,454.68,3904.482
1714924800000,454.68,477.55,454.23,464.17,6698.544
1714939200000,464.17,465.01,450.28,454.58,1661.408
1714953600000,454.58,472.27,454.5,461.21,3753.204
1714968000000,461.21,476.64,456.71,471.0,2198.848
1714982400000,471.0,487.82,459.43,468.65,3614.114
1714996800000,468.65,471.38,442.7,450.56,7362.812
1715011200000,450.56,452.37,438.05,444.07,2241.213
1715025600000,444.07,446.75,439.2,441.48,1562.752
1715040000000,441.48,453.39,432.0,438.96,1430.326
1715054400000,438.96,442.85,430.2,432.22,1621.049
1715068800000,432.22,462.57,431.07,435.94,6081.133
1715083200000,435.94,448.65,435.57,438.79,2336.788
1715097600000,438.79,441.92,429.76,432.66,1873.982
1715112000000,432.66,435.13,417.79,418.48,2044.666
1715126400000,418.48,427.47,415.66,425.34,1987.756
1715140800000,425.34,427.93,406.55,407.1,2390.393
1715155200000,407.1,412.91,391.41,391.41,4154.051
1715169600000,391.41,403.0,375.52,392.37,12105.587
1715184000000,392.37,396.63,385.33,392.33,3959.731
1715198400000,392.33,396.3,383.15,391.31,2249.818
1715212800000,391.31,406.32,390.59,397.01,1432.289
1715227200000,397.01,404.46,393.36,396.17,1173.434
1715241600000,396.17,399.62,382.2,384.48,2766.198
1715256000000,384.48,405.38,380.51,399.68,2717.72
1715270400000,399.68,407.92,390.28,394.13,4189.79
1715284800000,394.13,398.91,388.96,393.0,1378.437
1715299200000,393.0,398.54,387.81,394.72,1657.026
1715313600000,394.72,399.82,391.3,393.95,2320.744
1715328000000,393.95,396.51,389.06,395.27,2070.134
1715342400000,395.27,399.1,366.8,373.05,10029.045
1715356800000,373.05,378.5,366.59,370.51,2608.42
1715371200000,370.51,377.53,369.53,376.32,1161.479
1715385600000,376.32,382.61,372.25,373.88,1199.17
1715400000000,373.88,379.99,373.25,379.98,1230.138
1715414400000,379.98,381.42,370.1,372.04,1269.997
1715428800000,372.04,384.26,370.84,382.86,1798.674
1715443200000,382.86,383.44,374.54,376.71,1777.252
1715457600000,376.71,377.03,372.08,374.25,1078.535
1715472000000,374.25,381.79,374.03,379.46,870.065
1715486400000,379.46,381.76,373.4,374.55,862.535
1715500800000,374.55,379.74,374.0,375.74,1365.471
1715515200000,375.74,377.28,367.53,372.76,2168.034
1715529600000,372.76,373.99,359.21,364.09,3756.863
1715544000000,364.09,367.18,359.95,362.58,1212.527
1715558400000,362.58,366.31,339.51,345.29,9265.251
1715572800000,345.29,365.24,343.54,363.85,2512.452
1715587200000,363.85,375.94,360.99,364.52,5250.873
1715601600000,364.52,367.54,359.33,363.85,4638.73
1715616000000,363.85,374.23,359.12,361.18,2651.696
1715630400000,361.18,361.68,355.49,357.44,1220.253
1715644800000,357.44,359.04,350.07,353.02,1196.615
1715659200000,353.02,358.87,344.17,347.52,2966.011
1715673600000,347.52,348.1,340.08,341.14,2196.189
1715688000000,341.14,345.65,333.16,339.35,6366.716
1715702400000,339.35,349.09,335.16,345.18,2637.818
1715716800000,345.18,348.63,340.1,343.33,1502.523
1715731200000,343.33,347.45,340.45,345.95,871.468
1715745600000,345.95,350.76,343.87,348.49,1605.555
1715760000000,348.49,361.73,343.42,354.96,3078.839
1715774400000,354.96,391.15,354.19,378.81,11630.201
1715788800000,378.81,393.8,376.03,389.31,6942.922
1715803200000,389.31,397.7,386.59,389.8,3563.272
1715817600000,389.8,391.37,379.99,387.62,1629.082
1715832000000,387.62,399.76,385.72,397.66,3249.924
1715846400000,397.66,404.73,392.5,403.51,3055.68
1715860800000,403.51,403.81,374.82,383.51,7427.254
1715875200000,383.51,391.38,378.43,384.64,5410.666
1715889600000,384.64,386.8,380.0,382.01,881.622
1715904000000,382.01,387.82,378.39,385.16,643.727
1715918400000,385.16,387.63,379.63,384.4,1497.841
1715932800000,384.4,386.35,377.59,379.47,3083.012
1715947200000,379.47,398.33,376.69,396.25,4139.505
1715961600000,396.25,398.23,380.85,384.21,3096.887
1715976000000,384.21,385.54,380.22,380.41,770.247
1715990400000,380.41,384.65,377.34,384.01,1007.694
1716004800000,384.01,388.14,382.04,384.48,1838.43
1716019200000,384.48,390.0,382.22,382.59,954.907
1716033600000,382.59,384.24,375.4,379.85,2491.973
1716048000000,379.85,388.25,379.0,384.89,1629.776
1716062400000,384.89,384.89,379.69,382.2,392.373
1716076800000,382.2,387.44,381.26,385.67,553.095
1716091200000,385.67,391.33,382.05,390.79,1049.656
1716105600000,390.79,393.87,378.09,380.02,2160.286
1716120000000,380.02,380.1,367.09,371.62,3559.713
1716134400000,371.62,375.0,361.0,362.16,1747.915
1716148800000,362.16,365.67,358.65,365.06,1139.432
1716163200000,365.06,368.61,357.81,367.04,1196.766
1716177600000,367.04,377.97,366.07,370.17,840.074
1716192000000,370.17,376.32,367.19,367.65,944.61
1716206400000,367.65,375.93,364.87,375.59,1896.115
1716220800000,375.59,418.23,375.04,416.78,8037.76
1716235200000,416.78,418.34,393.56,406.39,4685.982
1716249600000,406.39,411.67,389.76,407.43,5115.687
1716264000000,407.43,427.53,407.43,425.86,6652.581
1716278400000,425.86,445.85,422.5,442.17,5190.667
1716292800000,442.17,443.6,421.61,423.51,4076.604
1716307200000,423.51,453.82,411.41,418.88,16173.29
1716321600000,418.88,426.53,416.58,424.28,747.864
1716336000000,424.28,425.9,415.22,423.78,1019.533
1716350400000,423.78,432.0,417.24,422.77,1880.654
1716364800000,422.77,439.08,420.38,427.73,2037.535
1716379200000,427.73,438.6,421.18,437.24,2587.526
1716393600000,437.24,457.24,431.02,449.7,3946.085
1716408000000,449.7,477.09,439.38,446.77,9322.704
1716422400000,446.77,460.7,438.4,458.11,2336.297
1716436800000,458.11,487.5,457.04,482.01,6404.757
1716451200000,482.01,490.88,471.12,481.21,5604.643
1716465600000,481.21,481.28,439.87,452.37,7031.26
1716480000000,452.37,457.8,441.93,449.2,2251.002
1716494400000,449.2,465.21,433.25,450.54,2959.985
1716508800000,450.54,466.82,447.56,465.02,1315.705
1716523200000,465.02,469.17,433.0,439.73,2780.793
1716537600000,439.73,441.93,428.01,430.81,1954.003
1716552000000,430.81,435.33,422.36,433.5,3434.802
1716566400000,433.5,439.61,426.17,439.17,2019.712
1716580800000,439.17,442.57,431.35,436.66,1599.85
1716595200000,436.66,440.68,432.78,437.27,652.946
1716609600000,437.27,448.11,436.85,439.55,939.45
1716624000000,439.55,444.35,435.58,436.33,1345.422
1716638400000,436.33,436.33,428.21,434.38,990.49
1716652800000,434.38,435.69,428.81,429.3,642.515
1716667200000,429.3,430.04,421.92,424.86,1505.451
1716681600000,424.86,429.61,422.75,427.39,1075.158
1716696000000,427.39,429.3,423.07,424.1,533.474
1716710400000,424.1,430.86,416.94,429.15,2479.249
1716724800000,429.15,442.84,424.98,436.35,3155.957
1716739200000,436.35,444.51,434.82,437.22,1172.722
1716753600000,437.22,437.39,425.37,435.44,1254.748
1716768000000,435.44,450.48,435.44,441.9,1905.608
1716782400000,441.9,444.21,431.07,432.22,661.536
1716796800000,432.22,435.52,425.39,432.24,1839.879
1716811200000,432.24,443.31,427.71,441.87,2840.215
1716825600000,441.87,445.29,431.0,434.05,2080.669
1716840000000,434.05,440.15,433.19,437.85,748.575
1716854400000,437.85,438.16,422.29,428.34,1478.3
1716868800000,428.34,430.42,420.0,426.14,956.971
1716883200000,426.14,439.0,425.15,425.72,4394.573
1716897600000,425.72,428.74,417.0,423.07,4803.394
1716912000000,423.07,424.32,413.01,419.68,1780.04
1716926400000,419.68,422.08,414.0,418.98,809.481
1716940800000,418.98,423.11,418.07,420.59,722.102
1716955200000,420.59,427.26,410.0,411.2,7362.546
1716969600000,411.2,414.28,402.3,406.56,7012.264
1716984000000,406.56,412.01,400.0,400.87,4150.708
1716998400000,400.87,401.92,393.86,396.48,3125.483
1717012800000,396.48,398.75,394.24,395.3,1257.384
1717027200000,395.3,405.92,394.72,403.32,1087.261
1717041600000,403.32,407.7,386.42,389.56,2939.316
1717056000000,389.56,397.68,383.49,394.89,2736.875
1717070400000,394.89,413.26,394.89,409.5,3509.845
1717084800000,409.5,409.84,396.53,397.87,2347.09
1717099200000,397.87,397.87,388.31,390.61,1804.652
1717113600000,390.61,391.92,386.1,389.87,774.642
1717128000000,389.87,393.22,384.4,389.2,2590.608
1717142400000,389.2,397.94,385.19,394.74,3027.209
1717156800000,394.74,395.51,385.0,386.09,2609.453
1717171200000,386.09,393.82,378.84,392.94,5383.479
1717185600000,392.94,395.12,388.0,389.25,1788.979
1717200000000,389.25,390.99,387.21,390.0,645.275
1717214400000,390.0,395.0,389.25,393.11,841.062
1717228800000,393.11,395.86,388.03,389.96,1241.48
1717243200000,389.96,402.58,389.2,394.05,3517.24
1717257600000,394.05,397.78,392.76,393.78,1127.751
1717272000000,393.78,393.82,385.09,386.72,1548.031
1717286400000,386.72,392.26,386.06,390.98,2821.328
1717300800000,390.98,396.8,388.34,395.49,1727.967
1717315200000,395.49,402.71,388.57,396.89,3125.327
1717329600000,396.89,399.76,391.29,391.76,2395.904
1717344000000,391.76,392.72,379.11,386.83,3545.423
1717358400000,386.83,387.05,379.01,381.21,1463.855
1717372800000,381.21,385.42,376.0,379.22,1812.683
1717387200000,379.22,383.78,376.16,381.89,2157.644
1717401600000,381.89,386.32,380.03,381.1,2279.138
1717416000000,381.1,385.83,373.4,385.13,6254.697
1717430400000,385.13,390.21,377.14,379.83,3727.114
1717444800000,379.83,381.65,376.35,378.79,1055.492
1717459200000,378.79,385.3,378.0,383.76,497.66
1717473600000,383.76,385.74,378.16,382.96,1127.246
1717488000000,382.96,385.52,379.43,384.11,1823.786
1717502400000,384.11,392.67,381.04,391.02,4952.724
1717516800000,391.02,399.54,390.29,394.79,3140.985
1717531200000,394.79,399.89,389.16,397.99,2816.0
1717545600000,397.99,411.44,394.9,404.06,3354.264
1717560000000,404.06,410.2,399.16,401.55,2919.629
1717574400000,401.55,411.07,398.42,410.61,2867.159
1717588800000,410.61,421.75,403.55,417.86,3095.877
1717603200000,417.86,424.55,410.66,415.7,3155.191
1717617600000,415.7,421.52,414.56,418.45,2342.581
1717632000000,418.45,420.52,415.82,417.61,1212.988
1717646400000,417.61,419.05,403.04,408.94,1914.106
1717660800000,408.94,425.33,408.05,419.17,4086.923
1717675200000,419.17,433.16,412.61,427.82,3643.097
1717689600000,427.82,434.45,418.02,418.4,2890.878
1717704000000,418.4,427.4,412.85,423.89,1823.235
1717718400000,423.89,428.98,415.25,419.63,1331.69
1717732800000,419.63,431.31,418.39,427.77,2357.614
1717747200000,427.77,432.51,420.5,430.11,1906.478
1717761600000,430.11,435.61,415.78,425.39,5813.407
1717776000000,425.39,425.39,324.0,391.02,36932.64
1717790400000,391.02,398.71,386.89,392.44,3294.477
1717804800000,392.44,399.06,388.58,392.56,1684.453
1717819200000,392.56,393.05,386.07,387.64,882.222
1717833600000,387.64,394.0,375.35,378.08,2462.924
1717848000000,378.08,380.67,362.48,370.02,4619.449
1717862400000,370.02,373.88,363.48,367.45,2548.32
1717876800000,367.45,368.48,357.77,361.51,2325.721
1717891200000,361.51,365.26,355.68,360.65,1447.498
1717905600000,360.65,367.91,358.51,363.53,1164.723
1717920000000,363.53,364.4,353.29,357.05,2158.777
1717934400000,357.05,363.35,352.11,360.26,2183.249
1717948800000,360.26,368.23,359.29,364.97,1484.9
1717963200000,364.97,366.13,360.0,361.67,1182.066
1717977600000,361.67,367.3,358.58,364.1,1001.317
1717992000000,364.1,364.24,336.93,338.96,4775.074
1718006400000,338.96,353.73,338.78,348.09,3713.447
1718020800000,348.09,359.53,341.22,355.31,3744.041
1718035200000,355.31,356.85,344.41,346.64,1829.298
1718049600000,346.64,346.64,340.02,343.01,2391.342
1718064000000,343.01,348.94,330.36,337.39,5182.183
1718078400000,337.39,338.37,328.0,332.07,2944.943
1718092800000,332.07,338.5,327.8,329.76,2182.983
1718107200000,329.76,334.59,320.89,323.34,6015.255
1718121600000,323.34,328.38,313.4,323.61,4363.43
1718136000000,323.61,328.42,322.72,325.44,900.275
1718150400000,325.44,325.55,310.88,315.39,5492.972
1718164800000,315.39,326.85,314.0,326.05,2250.422
1718179200000,326.05,340.37,324.47,335.05,3607.51
1718193600000,335.05,371.66,334.78,370.49,10389.528
1718208000000,370.49,371.59,341.0,344.28,7203.41
1718222400000,344.28,356.25,341.14,353.93,3032.484
1718236800000,353.93,355.82,327.11,333.91,3695.079
1718251200000,333.91,340.0,332.55,334.74,1553.116
1718265600000,334.74,337.33,324.67,326.8,2703.318
1718280000000,326.8,332.19,315.87,317.46,5213.536
1718294400000,317.46,327.14,315.11,321.81,3004.493
1718308800000,321.81,323.23,313.82,315.86,1708.972
1718323200000,315.86,318.52,310.85,314.26,1573.639
1718337600000,314.26,324.37,314.11,317.39,1722.173
1718352000000,317.39,323.23,315.96,318.22,2800.889
1718366400000,318.22,321.66,308.31,311.38,5302.852
1718380800000,311.38,312.05,288.83,302.11,9393.99
1718395200000,302.11,312.4,300.0,302.63,4030.792
1718409600000,302.63,304.42,297.51,299.71,944.212
1718424000000,299.71,303.15,295.3,302.09,2062.173
1718438400000,302.09,307.74,302.09,306.07,1125.593
1718452800000,306.07,309.12,300.64,303.19,2400.212
1718467200000,303.19,308.0,303.02,304.33,2015.608
1718481600000,304.33,305.78,300.89,301.8,957.07
1718496000000,301.8,308.56,298.14,305.5,2355.943
1718510400000,305.5,309.72,301.72,308.06,1734.938
1718524800000,308.06,311.14,305.67,308.41,2220.457
1718539200000,308.41,317.21,306.53,311.54,3559.254
1718553600000,311.54,314.92,310.26,312.7,2474.575
1718568000000,312.7,313.04,304.38,305.85,1801.559
1718582400000,305.85,308.86,297.14,298.65,1910.935
1718596800000,298.65,302.61,289.01,292.45,3478.705
1718611200000,292.45,296.35,280.59,295.9,5773.165
1718625600000,295.9,303.28,292.61,293.33,5006.305
1718640000000,293.33,306.36,286.77,302.15,5086.348
1718654400000,302.15,302.62,286.44,288.08,5560.621
1718668800000,288.08,289.28,235.18,272.32,16451.769
1718683200000,272.32,282.06,267.0,276.87,7546.3
1718697600000,276.87,290.52,273.11,277.11,6439.193
1718712000000,277.11,279.84,256.5,272.0,8258.057
1718726400000,272.0,275.52,265.04,270.07,3131.669
1718740800000,270.07,294.42,266.8,293.04,6217.961
1718755200000,293.04,298.16,285.46,290.03,11247.139
1718769600000,290.03,307.44,289.62,303.32,3834.981
1718784000000,303.32,310.64,296.23,303.53,5614.741
1718798400000,303.53,313.98,299.81,303.59,7130.363
1718812800000,303.59,306.19,294.52,296.55,2775.483
1718827200000,296.55,299.5,293.64,299.29,2033.619
1718841600000,299.29,305.95,296.81,300.93,1817.087
1718856000000,300.93,318.65,298.53,318.2,3217.943
1718870400000,318.2,320.67,308.48,310.6,5633.711
1718884800000,310.6,310.88,297.0,300.26,7092.191
1718899200000,300.26,306.79,295.02,304.54,3455.235
1718913600000,304.54,305.45,298.05,298.37,1775.409
1718928000000,298.37,301.04,293.6,297.37,2438.721
1718942400000,297.37,301.04,291.27,292.88,2084.45
1718956800000,292.88,301.16,289.02,290.73,5623.215
1718971200000,290.73,293.85,282.0,287.13,9589.251
1718985600000,287.13,290.75,281.61,289.47,5019.384
1719000000000,289.47,291.71,284.4,285.79,2487.599
1719014400000,285.79,288.73,281.32,286.26,1874.677
1719028800000,286.26,286.26,281.67,283.37,1012.906
1719043200000,283.37,285.97,280.0,282.54,2713.021
1719057600000,282.54,285.13,280.84,284.52,2061.04
1719072000000,284.52,285.16,276.92,277.81,1859.431
1719086400000,277.81,281.6,276.13,278.68,1250.844
1719100800000,278.68,286.11,278.25,285.99,2305.698
1719115200000,285.99,290.3,283.92,287.09,1578.233
1719129600000,287.09,288.2,281.8,283.42,2301.682
1719144000000,283.42,286.24,279.63,280.02,1636.614
1719158400000,280.02,282.51,276.06,278.5,1678.644
1719172800000,278.5,278.5,268.62,272.12,4269.003
1719187200000,272.12,273.2,264.75,268.16,3743.617
1719201600000,268.16,269.4,263.54,264.21,3911.098
1719216000000,264.21,278.28,258.16,272.13,9613.126
1719230400000,272.13,282.26,268.43,275.18,2239.162
1719244800000,275.18,282.4,270.01,271.72,3249.17
1719259200000,271.72,282.7,271.19,276.11,3982.835
1719273600000,276.11,283.48,274.2,280.88,1426.857
1719288000000,280.88,285.79,275.73,276.04,2344.17
1719302400000,276.04,283.58,273.0,281.78,2818.472
1719316800000,281.78,291.72,280.38,287.15,5924.467
1719331200000,287.15,294.8,283.7,292.19,3577.815
1719345600000,292.19,292.51,286.55,288.51,1557.842
1719360000000,288.51,289.96,284.15,285.54,3688.884
1719374400000,285.54,286.57,282.27,286.3,1349.576
1719403200000,283.5,286.29,280.1,281.08,3271.261
1719417600000,281.08,281.34,274.95,280.9,2297.885
1719432000000,280.9,284.31,277.03,279.41,1605.949
1719446400000,279.41,281.47,276.08,276.49,1334.641
1719460800000,276.49,279.6,272.11,274.83,2177.308
1719475200000,274.83,282.54,273.96,280.32,1253.94
1719489600000,280.32,290.97,280.11,283.77,5508.617
1719504000000,283.77,284.97,279.86,282.46,1313.077
1719518400000,282.46,285.75,281.11,284.6,1017.818
1719532800000,284.6,292.73,281.33,287.36,1541.143
1719547200000,287.36,287.49,281.45,283.53,810.553
1719561600000,283.53,284.89,279.64,283.42,1215.164
1719576000000,283.42,286.84,275.31,281.49,4041.831
1719590400000,281.49,281.94,272.94,273.43,1428.169
1719604800000,273.43,275.04,264.84,267.89,3190.635
1719619200000,267.89,271.73,265.35,268.63,1251.556
1719633600000,268.63,272.72,266.51,272.06,1171.141
1719648000000,272.06,272.9,265.72,266.31,1833.665
1719662400000,266.31,267.99,262.78,263.69,2274.835
1719676800000,263.69,264.31,260.2,262.53,2466.634
1719691200000,262.53,263.43,257.63,259.62,2066.915
1719705600000,259.62,260.3,255.27,256.37,1565.973
1719720000000,256.37,259.51,252.08,255.97,2358.78
1719734400000,255.97,259.77,255.6,258.11,1421.735
1719748800000,258.11,261.94,256.29,261.58,1563.165
1719763200000,261.58,270.25,260.19,269.06,3556.442
1719777600000,269.06,274.21,265.64,271.78,1954.5
1719792000000,271.78,281.39,270.27,279.11,1772.387
1719806400000,279.11,280.59,276.27,278.14,1752.419
1719820800000,278.14,280.47,272.6,273.48,5894.408
1719835200000,273.48,279.34,273.0,276.32,10501.339
1719849600000,276.32,284.44,275.04,282.53,4086.555
1719864000000,282.53,284.04,272.0,276.24,3727.463
1719878400000,276.24,277.73,272.62,274.02,748.741
1719892800000,274.02,275.15,268.73,269.57,1689.557
1719907200000,269.57,273.0,268.01,271.65,1259.402
1719921600000,271.65,274.21,266.41,267.37,1771.606
1719936000000,267.37,267.63,259.37,260.53,3451.146
1719950400000,260.53,261.12,236.19,241.63,38062.008
1719964800000,241.63,241.63,226.02,229.84,18188.649
1719979200000,229.84,242.62,228.45,242.03,11935.703
1719993600000,242.03,243.08,231.05,237.29,11636.81
1720008000000,237.29,237.36,228.54,233.22,7494.136
1720022400000,233.22,236.83,228.7,229.4,7500.454
1720036800000,229.4,239.13,229.36,236.71,5970.107
1720051200000,236.71,239.53,227.69,237.44,8846.247
1720065600000,237.44,237.44,228.9,229.43,6366.377
1720080000000,229.43,229.85,216.82,226.23,13631.806
1720094400000,226.23,227.77,218.94,224.48,5987.636
1720108800000,224.48,228.75,222.61,226.87,2216.416
1720123200000,226.87,234.8,219.08,221.71,8967.863
1720137600000,221.71,221.76,192.42,199.62,34251.459
1720152000000,199.62,209.45,194.6,204.71,12078.292
1720166400000,204.71,215.04,199.54,214.61,4777.655
1720180800000,214.61,225.36,210.96,223.77,5405.631
1720195200000,223.77,229.64,219.7,221.46,7255.547
1720209600000,221.46,225.75,219.62,223.66,10541.787
1720224000000,223.66,228.29,218.98,220.51,3794.309
1720238400000,220.51,228.44,219.1,226.17,3239.0
1720252800000,226.17,227.29,220.11,224.47,2420.333
1720267200000,224.47,229.35,222.07,227.31,2778.798
1720281600000,227.31,232.5,224.83,226.49,5266.619
1720296000000,226.49,232.61,226.33,230.56,2783.607
1720310400000,230.56,232.39,224.4,228.41,1527.078
1720324800000,228.41,229.05,220.28,222.96,2202.588
1720339200000,222.96,229.84,222.07,227.4,18783.249
1720353600000,227.4,231.15,215.03,218.66,6989.049
1720368000000,218.66,223.72,217.53,219.37,2725.093
1720382400000,219.37,221.77,213.02,215.93,2448.465
1720396800000,215.93,217.07,204.68,214.4,46065.375
1720411200000,214.4,220.46,213.07,214.7,27305.484
1720425600000,214.7,241.01,214.13,239.11,7276.469
1720440000000,239.11,239.49,221.61,226.26,24489.103
1720454400000,226.26,233.32,224.18,229.3,19824.961
1720468800000,229.3,232.29,226.28,230.92,1115.527
1720483200000,230.92,238.13,228.62,234.13,22129.203
1720497600000,234.13,238.55,232.42,236.71,24521.903
1720512000000,236.71,254.72,234.56,252.29,25686.663
1720526400000,252.29,266.69,247.61,261.72,18683.706
1720540800000,261.72,267.81,255.36,259.15,7372.366
1720555200000,259.15,260.71,250.39,255.07,5273.422
1720569600000,255.07,258.11,251.63,257.95,3591.798
1720584000000,257.95,265.99,257.45,261.98,7974.243
1720598400000,261.98,272.51,259.58,270.04,5831.565
1720612800000,270.04,270.32,260.99,264.59,11575.758
1720627200000,264.59,266.65,259.24,260.13,1785.547
1720641600000,260.13,260.84,257.17,259.35,2365.764
1720656000000,259.35,261.58,249.92,251.37,7147.109
1720670400000,251.37,254.9,250.39,252.01,1666.822
1720684800000,252.01,256.94,251.45,255.11,3572.901
1720699200000,255.11,259.72,246.09,247.03,5300.081
1720713600000,247.03,254.4,244.83,248.14,1891.451
1720728000000,248.14,248.44,244.03,245.51,1459.923
1720742400000,245.51,248.73,241.65,244.0,4493.384
1720756800000,244.0,244.79,241.22,242.45,1068.079
1720771200000,242.45,244.77,238.17,239.26,1360.034
1720785600000,239.26,244.77,238.73,243.53,2878.643
1720800000000,243.53,243.64,239.78,240.11,1159.262
1720814400000,240.11,246.77,236.22,241.39,3354.703
1720828800000,241.39,244.22,240.27,243.64,1071.087
1720843200000,243.64,246.0,240.03,245.78,1787.995
1720857600000,245.78,253.31,244.68,246.68,5288.038
1720872000000,246.68,258.06,246.09,257.38,3740.672
1720886400000,257.38,263.21,253.21,255.67,4502.025
1720900800000,255.67,260.53,255.02,257.38,2564.667
1720915200000,257.38,261.98,255.54,259.4,1231.676
1720929600000,259.4,265.75,258.2,264.92,2229.8
1720944000000,264.92,274.91,264.92,266.88,6684.128
1720958400000,266.88,267.04,260.54,264.37,4296.5
1720972800000,264.37,265.68,260.41,262.05,1466.958
1720987200000,262.05,279.01,261.39,276.73,3560.097
1721001600000,276.73,284.84,275.4,281.9,3480.11
1721016000000,281.9,284.64,277.43,281.03,3364.44
1721030400000,281.03,291.28,279.56,286.73,3595.033
1721044800000,286.73,302.63,286.67,299.81,9348.628
1721059200000,299.81,303.25,291.47,295.94,8903.469
1721073600000,295.94,301.18,294.0,298.97,3086.112
1721088000000,298.97,300.58,294.73,296.61,2717.35
1721102400000,296.61,298.12,283.01,283.98,4493.684
1721116800000,283.98,295.79,280.38,293.3,6252.439
1721131200000,293.3,299.09,287.68,298.4,4482.928
1721145600000,298.4,306.48,294.51,304.43,6021.331
1721160000000,304.43,307.83,296.72,304.0,2097.73
1721174400000,304.0,316.94,302.21,311.12,4312.488
1721188800000,311.12,326.64,306.78,323.32,7459.179
1721203200000,323.32,324.93,307.04,307.69,9193.403
1721217600000,307.69,326.58,307.1,317.15,16284.008
1721232000000,317.15,323.07,307.34,320.03,7267.311
1721246400000,320.03,323.37,317.53,319.07,1852.905
1721260800000,319.07,324.31,316.4,317.64,1788.787
1721275200000,317.64,319.77,312.43,316.19,1958.353
1721289600000,316.19,324.68,314.61,324.68,2206.762
1721304000000,324.68,337.54,320.01,324.13,9700.306
1721318400000,324.13,329.0,319.8,326.74,3955.401
1721332800000,326.74,336.71,323.78,335.91,2033.792
1721347200000,335.91,348.25,328.77,345.22,4752.034
1721361600000,345.22,345.69,327.0,327.36,3874.874
1721376000000,327.36,330.49,322.15,329.84,2558.356
1721390400000,329.84,350.0,326.53,346.32,12474.16
1721404800000,346.32,360.42,346.06,352.45,6908.621
1721419200000,352.45,356.55,347.84,355.16,1787.187
1721433600000,355.16,358.44,350.27,353.99,1496.182
1721448000000,353.99,356.09,349.12,350.47,1617.109
1721462400000,350.47,350.98,342.8,343.61,2503.688
1721476800000,343.61,346.11,338.77,342.33,1886.171
1721491200000,342.33,345.5,340.63,340.9,1620.253
1721505600000,340.9,342.55,336.11,337.6,1014.467
1721520000000,337.6,343.62,335.92,339.16,1488.203
1721534400000,339.16,342.38,333.49,337.35,1674.96
1721548800000,337.35,339.85,335.09,337.72,1147.243
1721563200000,337.72,344.22,336.62,339.29,2528.381
1721577600000,339.29,343.24,326.55,341.95,5446.866
1721592000000,341.95,355.54,340.82,350.11,3890.377
1721606400000,350.11,355.46,348.53,350.7,987.908
1721620800000,350.7,350.81,334.2,337.53,2840.602
1721635200000,337.53,338.32,331.61,335.99,2565.847
1721649600000,335.99,340.81,321.57,326.01,4591.255
1721664000000,326.01,333.0,320.63,332.86,1834.937
1721678400000,332.86,333.57,321.57,325.09,1519.636
1721692800000,325.09,334.0,325.01,326.54,1059.227
1721707200000,326.54,326.82,312.76,319.47,3244.005
1721721600000,319.47,330.76,319.14,323.37,2138.742
1721736000000,323.37,323.6,308.03,309.12,4418.081
1721750400000,309.12,310.96,301.0,305.42,4299.376
1721764800000,305.42,329.07,305.42,328.67,5234.231
1721779200000,328.67,331.25,320.07,327.15,1763.684
1721793600000,327.15,329.6,322.64,327.9,1571.188
1721808000000,327.9,344.78,327.61,343.25,4746.331
1721822400000,343.25,345.22,332.33,333.9,4382.328
1721836800000,333.9,340.07,329.17,333.33,2130.119
1721851200000,333.33,339.08,330.03,332.3,3660.384
1721865600000,332.3,334.86,315.15,323.05,5276.601
1721880000000,323.05,335.59,322.4,328.19,3192.197
1721894400000,328.19,331.34,315.35,316.0,3184.744
1721908800000,316.0,325.94,311.75,322.58,5220.219
1721923200000,322.58,330.32,310.63,316.09,2538.094
1721937600000,316.09,332.58,310.68,327.39,2388.168
1721952000000,327.39,334.29,324.82,333.69,904.367
1721966400000,333.69,351.16,332.95,346.64,2855.154
1721980800000,346.64,363.52,342.48,362.64,4336.879
1721995200000,362.64,366.64,358.19,360.87,5417.281
1722009600000,360.87,366.7,350.65,353.41,3868.758
1722024000000,353.41,355.17,349.26,351.21,1517.596
1722038400000,351.21,352.02,344.43,345.38,933.265
1722052800000,345.38,350.68,342.84,349.02,1918.973
1722067200000,349.02,349.6,338.94,343.01,3216.803
1722081600000,343.01,347.3,339.05,343.13,3880.653
1722096000000,343.13,349.07,335.63,343.0,3194.424
1722110400000,343.0,346.41,333.25,337.71,3223.413
1722124800000,337.71,341.48,331.52,336.02,1403.742
1722139200000,336.02,336.79,329.79,333.07,1362.849
1722153600000,333.07,335.56,332.25,332.97,905.397
1722168000000,332.97,337.58,331.67,335.98,1287.181
1722182400000,335.98,338.99,333.28,336.84,1127.413
1722196800000,336.84,337.45,332.14,335.04,1661.791
1722211200000,335.04,345.78,334.41,342.63,2000.027
1722225600000,342.63,347.37,342.49,344.25,1260.375
1722240000000,344.25,345.58,338.24,340.17,1657.128
1722254400000,340.17,340.22,322.41,328.15,7511.865
1722268800000,328.15,330.06,323.39,326.57,3071.357
1722283200000,326.57,327.45,318.08,318.55,2402.448
1722297600000,318.55,322.47,315.3,319.55,2606.695
1722312000000,319.55,326.68,318.06,325.34,1028.404
1722326400000,325.34,325.94,318.7,321.32,1022.517
1722340800000,321.32,328.92,319.58,327.05,4040.044
1722355200000,327.05,328.62,315.5,321.17,3951.058
1722369600000,321.17,323.27,317.07,320.82,1550.211
1722384000000,320.82,322.66,312.33,315.2,1396.775
1722398400000,315.2,319.37,312.56,315.83,1570.997
1722412800000,315.83,316.36,311.92,313.5,1707.963
1722427200000,313.5,317.14,308.39,311.21,2209.003
1722441600000,311.21,317.15,308.3,310.41,2486.12
1722456000000,310.41,311.48,299.35,301.89,3482.936
1722470400000,301.89,304.62,295.83,296.98,2077.413
1722484800000,296.98,298.67,290.26,292.75,2919.12
1722499200000,292.75,294.97,290.52,291.98,971.134
1722513600000,291.98,295.89,279.56,283.76,4589.379
1722528000000,283.76,284.78,274.81,280.52,7545.653
1722542400000,280.52,298.96,278.13,297.78,3763.612
1722556800000,297.78,298.29,287.62,292.31,2299.305
1722571200000,292.31,293.59,281.82,284.96,3760.858
1722585600000,284.96,292.27,282.31,289.4,1741.071
1722600000000,289.4,295.37,265.48,273.99,8330.216
1722614400000,273.99,274.65,260.1,261.94,4669.419
1722628800000,261.94,266.84,259.45,263.07,3309.732
1722643200000,263.07,267.71,254.06,267.67,2439.599
1722657600000,267.67,272.25,265.43,266.68,1666.337
1722672000000,266.68,267.65,264.96,266.57,1458.127
1722686400000,266.57,271.22,259.83,260.95,1785.013
1722700800000,260.95,264.01,246.4,246.6,6123.014
1722715200000,246.6,252.28,245.89,248.28,3685.718
1722729600000,248.28,253.87,247.2,252.18,1551.074
1722744000000,252.18,252.7,245.13,245.76,1155.597
1722758400000,245.76,249.14,244.86,246.42,1051.662
1722772800000,246.42,247.83,223.36,223.36,7300.241
1722787200000,223.36,229.48,207.63,228.79,15578.213
1722801600000,228.79,230.02,216.43,217.4,5195.776
1722816000000,217.4,218.79,180.8,186.89,21400.248
1722830400000,186.89,195.7,163.27,191.57,20518.792
1722844800000,191.57,203.85,181.6,190.42,15927.032
1722859200000,190.42,222.16,180.64,215.99,21071.157
1722873600000,215.99,229.67,211.84,219.51,12779.265
1722888000000,219.51,238.07,219.4,228.84,7242.528
1722902400000,228.84,252.77,227.45,248.95,6407.491
1722916800000,248.95,261.48,245.3,259.27,8824.744
1722931200000,259.27,261.01,247.7,248.38,10090.729
1722945600000,248.38,271.35,247.35,262.99,11082.849
1722960000000,262.99,266.91,255.75,257.95,4867.538
1722974400000,257.95,264.46,255.29,259.2,2534.927
1722988800000,259.2,269.44,255.42,264.06,3075.37
1723003200000,264.06,272.48,263.54,268.31,3765.355
1723017600000,268.31,271.78,260.47,261.06,4173.68
1723032000000,261.06,268.95,249.15,254.97,9173.956
1723046400000,254.97,257.19,248.36,250.16,4390.141
1723060800000,250.16,254.01,245.55,247.42,3092.477
1723075200000,247.42,269.34,243.31,264.34,3352.188
1723089600000,264.34,270.47,263.36,267.42,3562.911
1723104000000,267.42,288.0,266.39,284.52,8982.58
1723118400000,284.52,287.81,271.62,285.95,10304.966
1723132800000,285.95,293.28,285.95,290.3,4761.893
1723147200000,290.3,318.54,288.81,305.0,12789.068
1723161600000,305.0,313.5,298.58,310.35,3523.128
1723176000000,310.35,315.77,303.18,310.65,5068.256
1723190400000,310.65,320.33,304.76,309.12,5490.12
1723204800000,309.12,309.91,293.3,294.75,8469.903
1723219200000,294.75,301.25,290.96,296.69,3895.793
1723233600000,296.69,307.15,291.47,297.81,6060.843
1723248000000,297.81,303.09,295.37,297.53,3039.279
1723262400000,297.53,297.8,292.62,294.15,1724.191
1723276800000,294.15,295.63,289.7,292.44,2073.133
1723291200000,292.44,293.98,284.62,284.94,4262.119
1723305600000,284.94,289.16,283.39,288.27,3342.574
1723320000000,288.27,299.5,286.7,295.36,3504.88
1723334400000,295.36,298.68,289.25,297.05,1707.244
1723348800000,297.05,310.76,296.6,305.64,5050.835
1723363200000,305.64,310.21,303.15,304.15,2408.673
1723377600000,304.15,304.79,283.62,286.2,10079.539
1723392000000,286.2,293.49,281.92,283.17,4885.745
1723406400000,283.17,290.82,278.63,284.4,5937.349
1723420800000,284.4,290.43,280.45,282.61,6469.762
1723435200000,282.61,288.46,275.25,285.72,3466.873
1723449600000,285.72,296.92,285.68,294.3,7416.424
1723464000000,294.3,294.76,270.8,286.53,14238.196
1723478400000,286.53,290.57,276.03,280.41,4357.767
1723492800000,280.41,286.08,275.84,281.83,3735.836
1723507200000,281.83,285.46,276.0,277.05,2509.519
1723521600000,277.05,280.1,274.72,278.27,2603.85
1723536000000,278.27,281.16,274.18,278.96,2940.117
1723550400000,278.96,283.54,275.66,278.29,4479.548
1723564800000,278.29,288.93,277.98,283.06,4927.741
1723579200000,283.06,288.54,280.19,284.6,2235.524
1723593600000,284.6,287.82,281.35,285.0,1667.992
1723608000000,285.0,289.61,281.54,282.3,2362.764
1723622400000,282.3,285.8,279.67,281.33,2682.99
1723636800000,281.33,285.81,271.66,274.67,7541.532
1723651200000,274.67,278.16,273.42,274.9,4506.883
1723665600000,274.9,276.49,272.76,275.29,1479.948
1723680000000,275.29,280.3,272.69,272.98,1621.369
1723694400000,272.98,273.17,266.13,267.95,6703.098
1723708800000,267.95,271.26,265.69,270.79,3456.924
1723723200000,270.79,275.23,267.84,270.51,5869.575
1723737600000,270.51,273.45,255.34,260.44,11616.748
1723752000000,260.44,269.5,256.31,267.07,6157.717
1723766400000,267.07,274.0,266.65,268.86,1270.412
1723780800000,268.86,278.98,267.8,273.48,1679.266
1723795200000,273.48,274.68,267.96,269.23,1663.097
1723809600000,269.23,276.04,263.32,267.8,15755.303
1723824000000,267.8,278.4,266.18,277.43,5824.339
1723838400000,277.43,280.12,272.58,274.07,2166.368
1723852800000,274.07,274.92,268.44,269.95,1999.362
1723867200000,269.95,273.34,269.07,272.48,1204.86
1723881600000,272.48,273.08,266.35,267.63,2165.344
1723896000000,267.63,279.17,266.82,275.99,2351.409
1723910400000,275.99,278.73,272.81,274.51,1421.539
1723924800000,274.51,278.66,273.06,276.05,1080.146
1723939200000,276.05,278.21,271.57,273.14,1499.495
1723953600000,273.14,274.57,270.27,274.42,1296.172
1723968000000,274.42,294.57,273.73,292.07,9506.049
1723982400000,292.07,297.89,288.38,292.82,9224.002
1723996800000,292.82,294.8,285.64,286.99,3755.602
1724011200000,286.99,288.2,280.01,280.06,2256.458
1724025600000,280.06,283.79,278.66,282.12,1407.962
1724040000000,282.12,282.7,278.27,281.73,1186.632
1724054400000,281.73,286.7,274.88,283.3,2880.224
1724068800000,283.3,285.85,276.18,278.06,2310.247
1724083200000,278.06,287.77,276.11,283.03,7008.079
1724097600000,283.03,287.31,281.06,286.98,2011.535
1724112000000,286.98,305.94,286.22,303.86,11018.582
1724126400000,303.86,313.2,301.32,303.19,5009.743
1724140800000,303.19,304.47,297.39,298.81,2533.985
1724155200000,298.81,302.97,287.21,291.75,5352.096
1724169600000,291.75,296.73,288.93,295.43,3033.375
1724184000000,295.43,297.98,291.5,294.42,1650.816
1724198400000,294.42,299.74,292.44,294.23,1931.591
1724212800000,294.23,295.95,291.66,295.12,1121.001
1724227200000,295.12,295.84,287.83,289.66,1615.353
1724241600000,289.66,292.98,280.1,288.97,3005.201
1724256000000,288.97,304.31,288.07,302.7,6153.455
1724270400000,302.7,304.0,295.0,296.48,2538.168
1724284800000,296.48,297.64,289.96,294.03,3215.386
1724299200000,294.03,296.97,293.39,296.42,1074.206
1724313600000,296.42,310.71,295.56,309.99,3780.745
1724328000000,309.99,317.2,305.64,309.62,4690.162
1724342400000,309.62,315.08,309.03,313.75,3255.614
1724356800000,313.75,320.0,313.75,319.64,3809.027
1724371200000,319.64,334.81,319.64,330.23,3045.967
1724385600000,330.23,339.32,326.56,333.07,5854.337
1724400000000,333.07,342.63,330.76,338.09,7842.012
1724414400000,338.09,349.12,335.18,339.36,5501.872
1724428800000,339.36,355.87,336.03,351.34,8049.741
1724443200000,351.34,356.11,345.31,346.16,5561.316
1724457600000,346.16,349.26,340.76,344.14,1591.192
1724472000000,344.14,346.86,340.2,345.11,2466.747
1724486400000,345.11,348.45,336.91,337.77,1584.846
1724500800000,337.77,341.49,336.12,338.02,3852.192
1724515200000,338.02,345.32,337.86,342.14,3989.329
1724529600000,342.14,344.46,328.93,339.13,4123.9
1724544000000,339.13,339.89,328.34,332.0,1508.297
1724558400000,332.0,332.5,319.81,321.55,2623.406
1724572800000,321.55,333.31,319.54,331.32,3198.152
1724587200000,331.32,352.87,329.7,349.61,7307.769
1724601600000,349.61,354.61,345.64,348.04,6148.862
1724616000000,348.04,354.5,346.68,348.63,3608.818
1724630400000,348.63,357.71,347.09,351.29,3117.871
1724644800000,351.29,353.41,341.36,343.16,4019.609
1724659200000,343.16,350.61,341.62,346.21,2285.238
1724673600000,346.21,351.71,338.4,342.77,6686.214
1724688000000,342.77,350.01,336.52,338.52,3754.175
1724702400000,338.52,344.23,335.76,336.02,1422.234
1724716800000,336.02,355.28,336.02,351.36,3941.993
1724731200000,351.36,363.79,344.83,346.39,8873.933
1724745600000,346.39,347.8,330.99,336.08,5596.335
1724760000000,336.08,342.15,331.55,332.71,4926.596
1724774400000,332.71,339.89,326.19,326.95,4847.543
1724788800000,326.95,327.12,302.11,311.82,7253.54
1724803200000,311.82,319.54,302.78,319.5,2842.993
1724817600000,319.5,322.99,303.88,304.82,4870.257
1724832000000,304.82,325.9,304.44,316.02,5469.618
1724846400000,316.02,322.93,302.54,304.43,7340.594
1724860800000,304.43,312.71,291.23,306.92,7019.75
1724875200000,306.92,315.82,294.9,298.24,3975.343
1724889600000,298.24,303.81,294.09,295.02,1069.399
1724904000000,295.02,301.48,291.73,298.66,5258.98
1724918400000,298.66,308.05,290.84,302.0,2546.954
1724932800000,302.0,311.12,300.46,303.07,6260.858
1724947200000,303.07,307.2,283.79,286.36,6777.289
1724961600000,286.36,289.26,280.46,283.4,2442.384
1724976000000,283.4,283.75,277.22,278.94,5927.05
1724990400000,278.94,281.25,276.04,277.75,2479.288
1725004800000,277.75,284.01,277.73,279.78,2685.844
1725019200000,279.78,282.34,266.73,268.67,6532.308
1725033600000,268.67,280.3,267.39,277.3,2597.804
1725048000000,277.3,283.33,276.15,282.19,1647.502
1725062400000,282.19,290.88,281.69,283.73,2094.41
1725076800000,283.73,293.03,283.33,285.6,1916.733
1725091200000,285.6,286.29,282.18,284.03,1204.915
1725105600000,284.03,287.03,281.93,284.13,1053.772
1725120000000,284.13,284.5,279.03,280.57,1352.047
1725134400000,280.57,283.04,279.49,281.16,842.721
1725148800000,281.16,281.52,274.05,276.41,2439.67
1725163200000,276.41,279.03,272.48,277.59,1129.063
1725177600000,277.59,278.71,270.21,273.21,1200.583
1725192000000,273.21,274.55,266.87,273.15,3859.445
1725206400000,273.15,279.59,268.83,277.43,4218.571
1725220800000,277.43,279.46,260.98,263.57,3179.436
1725235200000,263.57,272.19,263.17,271.76,989.127
1725249600000,271.76,274.17,266.87,268.35,3176.252
1725264000000,268.35,283.82,267.71,276.67,2038.202
1725278400000,276.67,280.39,271.36,277.42,2873.816
1725292800000,277.42,279.93,274.76,275.44,908.123
1725307200000,275.44,284.88,275.35,279.94,1509.696
1725321600000,279.94,286.92,279.64,280.19,1198.825
1725336000000,280.19,280.89,275.37,277.67,1154.336
1725350400000,277.67,277.95,272.63,274.5,1222.428
1725364800000,274.5,277.26,261.96,262.62,4286.131
1725379200000,262.62,265.32,260.0,260.91,4801.672
1725393600000,260.91,262.37,247.52,247.56,10259.033
1725408000000,247.56,253.38,238.59,252.5,6602.76
1725422400000,252.5,257.42,250.34,255.36,3852.518
1725436800000,255.36,257.17,251.0,252.94,1945.58
1725451200000,252.94,262.4,249.94,261.61,5328.887
1725465600000,261.61,266.9,254.41,256.8,6423.723
1725480000000,256.8,259.33,254.56,255.39,1496.01
1725494400000,255.39,258.18,250.2,250.94,1390.914
1725508800000,250.94,253.35,247.56,251.14,1323.589
1725523200000,251.14,253.24,245.31,245.99,2762.39
1725537600000,245.99,251.06,241.14,242.57,2882.396
1725552000000,242.57,243.3,236.76,237.77,7565.722
1725566400000,237.77,240.29,236.03,237.51,1401.218
1725580800000,237.51,242.57,236.97,240.3,1437.051
1725595200000,240.3,241.17,232.2,236.32,2611.551
1725609600000,236.32,243.64,235.76,240.58,1713.168
1725624000000,240.58,249.87,234.74,238.89,8031.221
1725638400000,238.89,240.28,226.58,229.09,5668.217
1725652800000,229.09,232.63,220.0,231.2,5600.654
1725667200000,231.2,237.59,231.17,234.5,3047.97
1725681600000,234.5,243.07,234.2,238.1,5413.375
1725696000000,238.1,239.77,235.65,237.95,1247.018
1725710400000,237.95,246.16,237.91,244.45,5167.538
1725724800000,244.45,244.99,235.49,238.94,2871.501
1725739200000,238.94,238.95,232.42,234.97,2382.489
1725753600000,234.97,238.98,234.0,237.83,1317.086
1725768000000,237.83,242.34,237.48,240.73,1379.324
1725782400000,240.73,247.87,239.47,241.87,4119.028
1725796800000,241.87,243.12,235.58,237.1,4462.189
1725811200000,237.1,242.92,235.25,241.11,1971.17
1725825600000,241.11,253.98,239.81,245.76,5268.075
1725840000000,245.76,254.1,245.73,250.14,3142.857
1725854400000,250.14,255.91,247.32,253.71,3245.23
1725868800000,253.71,262.83,252.82,260.87,4638.498
1725883200000,260.87,263.83,255.08,258.89,4070.784
1725897600000,258.89,283.57,258.44,280.24,8077.719
1725912000000,280.24,283.89,274.1,276.98,5642.054
1725926400000,276.98,279.0,273.75,274.53,2617.117
1725940800000,274.53,280.63,273.07,279.53,2346.933
1725955200000,279.53,281.48,274.87,280.32,2431.425
1725969600000,280.32,285.26,274.81,275.46,6072.09
1725984000000,275.46,285.46,275.44,283.69,4138.742
1725998400000,283.69,294.59,282.24,287.15,4115.185
1726012800000,287.15,287.97,279.73,281.14,3781.798
1726027200000,281.14,281.42,275.38,280.62,2049.088
1726041600000,280.62,280.85,273.07,275.62,3161.405
1726056000000,275.62,294.06,273.17,285.0,26860.423
1726070400000,285.0,291.85,276.68,280.96,7785.626
1726084800000,280.96,284.52,279.9,283.73,1300.078
1726099200000,283.73,290.13,281.74,283.53,2189.589
1726113600000,283.53,288.3,280.3,285.06,1964.854
1726128000000,285.06,292.51,283.01,286.79,3932.959
1726142400000,286.79,291.56,280.55,280.62,7744.679
1726156800000,280.62,296.44,280.56,295.12,6178.191
1726171200000,295.12,297.8,291.72,293.17,8234.861
1726185600000,293.17,297.25,286.59,287.62,1659.782
1726200000000,287.62,290.39,285.89,289.49,3018.995
1726214400000,289.49,291.13,284.39,285.17,3154.543
1726228800000,285.17,299.83,285.09,299.69,8208.808
1726243200000,299.69,317.21,299.06,312.7,17194.36
1726257600000,312.7,320.5,308.78,320.14,8367.254
1726272000000,320.14,324.75,316.36,323.2,3132.57
1726286400000,323.2,326.3,312.08,312.82,4619.15
1726300800000,312.82,316.67,310.98,314.37,3748.611
1726315200000,314.37,316.02,310.57,314.19,2610.975
1726329600000,314.19,322.0,310.79,319.85,2986.545
1726344000000,319.85,329.5,319.5,326.72,4190.797
1726358400000,326.72,335.65,324.89,332.53,4656.895
1726372800000,332.53,333.85,323.81,325.06,3224.469
1726387200000,325.06,326.14,320.18,322.47,3828.046
1726401600000,322.47,326.55,321.85,323.79,2166.606
1726416000000,323.79,324.75,316.45,320.04,5274.512
1726430400000,320.04,320.75,301.45,302.35,15780.196
1726444800000,302.35,303.51,291.69,301.95,11304.687
1726459200000,301.95,308.36,293.44,306.64,8763.332
1726473600000,306.64,307.7,296.32,297.43,4844.398
1726488000000,297.43,298.47,282.74,288.29,14504.831
1726502400000,288.29,290.14,283.79,285.76,6605.302
1726516800000,285.76,290.62,282.54,288.1,1941.609
1726531200000,288.1,289.44,282.15,287.75,2232.956
1726545600000,287.75,294.66,287.2,291.8,3486.374
1726560000000,291.8,312.47,291.62,304.39,21783.302
1726574400000,304.39,331.73,303.31,326.03,18503.434
1726588800000,326.03,327.45,313.07,313.62,10151.692
1726603200000,313.62,328.48,312.56,323.93,5087.494
1726617600000,323.93,334.76,319.54,327.74,14886.278
1726632000000,327.74,330.48,320.13,320.13,3439.139
1726646400000,320.13,321.21,311.03,313.43,8474.183
1726660800000,313.43,318.32,306.22,307.81,14632.756
1726675200000,307.81,330.52,306.27,316.47,24545.282
1726689600000,316.47,340.16,311.6,336.96,6055.706
1726704000000,336.96,367.87,335.11,358.03,20008.999
1726718400000,358.03,382.19,355.3,375.09,13421.281
1726732800000,375.09,384.62,363.89,383.58,15768.583
1726747200000,383.58,386.32,365.54,371.46,13107.086
1726761600000,371.46,376.7,367.75,370.59,8417.745
1726776000000,370.59,375.71,361.87,373.63,3667.849
1726790400000,373.63,411.65,367.82,407.87,14672.382
1726804800000,407.87,433.17,405.79,420.68,36060.741
1726819200000,420.68,426.66,416.57,421.81,9942.11
1726833600000,421.81,428.0,405.96,414.5,17950.256
1726848000000,414.5,417.11,399.35,409.5,6956.815
1726862400000,409.5,415.49,405.16,407.42,6470.749
1726876800000,407.42,413.6,403.35,404.24,3828.233
1726891200000,404.24,413.3,393.66,412.08,10762.913
1726905600000,412.08,424.76,407.73,420.1,11351.604
1726920000000,420.1,444.79,419.98,441.33,21538.977
1726934400000,441.33,474.73,439.72,465.76,22819.173
1726948800000,465.76,471.67,457.49,468.9,7054.976
1726963200000,468.9,471.37,454.59,465.67,8089.613
1726977600000,465.67,475.33,458.99,470.87,11819.642
1726992000000,470.87,479.89,453.05,453.95,20010.201
1727006400000,453.95,461.87,451.32,455.21,23440.995
1727020800000,455.21,470.34,447.04,466.8,12594.776
1727035200000,466.8,484.56,457.19,469.9,18379.866
1727049600000,469.9,547.13,460.0,534.88,39221.717
1727064000000,534.88,582.0,530.06,559.95,43489.485
1727078400000,559.95,561.97,537.0,539.23,16644.793
1727092800000,539.23,545.03,520.47,540.63,28468.693
1727107200000,540.63,549.83,532.66,543.0,16333.47
1727121600000,543.0,553.52,538.82,540.5,7482.544
1727136000000,540.5,546.93,521.52,539.39,14375.206
1727150400000,539.39,555.98,532.14,545.66,6653.328
1727164800000,545.66,591.64,541.55,588.59,19479.327
1727179200000,588.59,598.73,540.74,546.26,36298.326
1727193600000,546.26,571.2,541.82,561.13,16874.915
1727208000000,561.13,566.69,546.66,550.15,15561.389
1727222400000,550.15,563.24,540.0,552.04,9497.659
1727236800000,552.04,553.05,535.33,539.37,9936.915
1727251200000,539.37,581.24,538.96,568.5,16159.282
1727265600000,568.5,569.11,545.35,557.36,11460.29
1727280000000,557.36,578.08,545.31,554.78,14683.819
1727294400000,554.78,559.98,549.0,551.98,3999.583
1727308800000,551.98,571.52,545.15,562.97,6958.814
1727323200000,562.97,562.97,542.09,551.87,9661.239
1727337600000,551.87,561.67,543.97,547.89,12179.198
1727352000000,547.89,554.71,522.0,539.46,29224.539
1727366400000,539.46,551.78,512.41,514.79,25334.887
1727380800000,514.79,529.48,502.85,526.41,11342.162
1727395200000,526.41,541.09,521.01,528.1,5871.751
1727409600000,528.1,563.77,527.67,541.9,12592.855
1727424000000,541.9,549.51,519.43,525.0,10997.915
1727438400000,525.0,547.12,521.27,537.07,10732.728
1727452800000,537.07,544.36,527.25,542.04,6056.411
1727467200000,542.04,552.34,537.28,549.17,6255.98
1727481600000,549.17,552.69,534.8,540.0,4612.647
1727496000000,540.0,540.39,523.65,537.34,7578.381
1727510400000,537.34,546.33,528.85,545.9,8820.512
1727524800000,545.9,546.75,525.01,536.51,11515.054
1727539200000,536.51,538.11,526.3,528.13,7708.675
1727553600000,528.13,537.04,517.65,535.3,5698.67
1727568000000,535.3,545.34,532.34,532.8,7104.077
1727582400000,532.8,543.79,529.06,535.46,6842.481
1727596800000,535.46,538.25,525.17,534.8,8027.477
1727611200000,534.8,577.45,530.66,563.79,30692.786
1727625600000,563.79,586.92,562.65,583.36,13164.083
1727640000000,583.36,585.47,554.02,560.36,12102.803
1727654400000,560.36,560.83,539.88,553.8,7631.292
1727668800000,553.8,609.61,549.99,594.01,31991.55
1727683200000,594.01,594.01,562.09,588.25,19347.219
1727697600000,588.25,605.88,581.5,582.36,28723.202
1727712000000,582.36,592.88,573.88,579.8,12015.957
1727726400000,579.8,599.62,568.7,578.1,13193.779
1727740800000,578.1,610.58,572.38,604.47,12564.762
1727755200000,604.47,618.33,574.92,587.26,21733.122
1727769600000,587.26,591.5,577.23,579.64,8943.704
1727784000000,579.64,580.88,527.69,551.33,38549.336
1727798400000,551.33,560.11,514.1,529.89,37659.521
1727812800000,529.89,544.58,517.52,537.05,17828.788
1727827200000,537.05,544.39,525.53,537.0,14581.778
1727841600000,537.0,580.81,534.31,570.22,17968.967
1727856000000,570.22,574.44,540.14,541.25,19727.309
1727870400000,541.25,545.7,510.62,532.68,20434.706
1727884800000,532.68,547.62,495.13,515.23,23624.89
1727899200000,515.23,526.09,509.71,519.63,6318.587
1727913600000,519.63,544.66,516.38,543.86,7663.828
1727928000000,543.86,544.78,516.1,516.27,5518.596
1727942400000,516.27,517.44,491.03,499.65,21618.132
1727956800000,499.65,508.33,471.74,490.79,29062.148
1727971200000,490.79,503.51,474.01,501.53,12776.132
1727985600000,501.53,506.47,490.42,496.74,4352.691
1728000000000,496.74,506.51,485.16,499.36,7661.695
1728014400000,499.36,518.45,499.07,515.22,6820.336
1728028800000,515.22,526.96,511.47,522.77,8878.951
1728043200000,522.77,566.11,515.53,564.38,19518.579
1728057600000,564.38,579.44,555.26,574.45,10534.703
1728072000000,574.45,586.55,564.42,585.62,7943.22
1728086400000,585.62,586.61,568.96,571.72,8668.115
1728100800000,571.72,601.34,571.69,588.69,7829.467
1728115200000,588.69,592.38,578.73,580.11,3693.818
1728129600000,580.11,583.72,573.86,582.05,3631.458
1728144000000,582.05,583.82,558.43,560.96,6340.994
1728158400000,560.96,569.45,553.69,565.34,3777.45
1728172800000,565.34,571.08,555.79,556.68,2092.317
1728187200000,556.68,559.3,548.1,553.28,3853.751
1728201600000,553.28,561.64,552.04,552.88,4949.746
1728216000000,552.88,576.0,550.28,560.69,8504.421
1728230400000,560.69,595.0,560.04,577.03,10119.531
1728244800000,577.03,636.65,575.34,634.15,14231.643
1728259200000,634.15,677.81,622.46,641.54,17529.82
1728273600000,641.54,646.23,624.27,625.14,7940.902
1728288000000,625.14,638.58,608.76,629.95,15314.031
1728302400000,629.95,652.7,617.0,626.59,18213.521
1728316800000,626.59,637.67,609.06,618.4,8082.073
1728331200000,618.4,621.7,600.43,611.0,10431.803
1728345600000,611.0,631.49,605.29,626.19,4974.928
1728360000000,626.19,632.12,609.39,617.41,7023.013
1728374400000,617.41,639.36,613.0,636.53,7149.159
1728388800000,636.53,644.65,622.48,633.49,12800.871
1728403200000,633.49,642.5,610.0,616.95,10213.446
1728417600000,616.95,633.0,603.86,607.24,4850.84
1728432000000,607.24,618.04,583.68,593.6,6870.911
1728446400000,593.6,595.23,583.0,591.28,5931.189
1728460800000,591.28,605.6,590.71,598.89,5565.065
1728475200000,598.89,600.57,576.88,590.97,11028.685
1728489600000,590.97,591.07,569.74,577.0,6003.301
1728504000000,577.0,579.96,565.67,569.96,3876.815
1728518400000,569.96,579.98,565.1,577.68,2009.252
1728532800000,577.68,594.56,576.0,580.35,5032.769
1728547200000,580.35,593.78,569.09,592.42,8984.131
1728561600000,592.42,596.39,544.0,558.33,17563.458
1728576000000,558.33,565.0,536.26,558.35,14730.96
1728590400000,558.35,571.46,553.84,563.36,5874.336
1728604800000,563.36,573.78,559.27,567.09,4450.371
1728619200000,567.09,576.16,556.87,569.74,2901.562
1728633600000,569.74,599.59,569.05,594.0,14298.064
1728648000000,594.0,631.85,592.69,620.81,26241.576
1728662400000,620.81,627.89,609.43,627.82,10715.977
1728676800000,627.82,643.8,618.6,621.69,11427.313
1728691200000,621.69,638.06,616.42,637.87,6631.254
1728705600000,637.87,658.0,636.5,647.47,6810.004
1728720000000,647.47,660.04,643.71,656.58,12379.227
1728734400000,656.58,681.97,652.17,661.57,15206.15
1728748800000,661.57,675.62,661.11,662.2,4504.467
1728763200000,662.2,679.43,654.6,657.09,5411.677
1728777600000,657.09,666.49,648.93,650.66,8374.657
1728792000000,650.66,660.77,648.18,657.23,3558.212
1728806400000,657.23,663.87,634.42,637.21,10836.544
1728820800000,637.21,645.99,631.58,635.39,9438.657
1728835200000,635.39,652.17,633.55,649.31,10767.053
1728849600000,649.31,658.67,636.74,640.28,10695.547
1728864000000,640.28,677.64,631.73,673.4,8499.803
1728878400000,673.4,678.03,646.82,653.0,9742.104
1728892800000,653.0,654.3,639.1,641.71,16406.636
1728907200000,641.71,649.08,621.16,638.4,30492.81
1728921600000,638.4,644.11,630.21,636.91,8901.429
1728936000000,636.91,642.89,631.94,633.36,3874.119
1728950400000,633.36,633.77,620.78,631.99,6121.174
1728964800000,631.99,638.54,621.78,624.24,4387.613
1728979200000,624.24,626.25,594.44,599.06,10823.343
1728993600000,599.06,631.91,587.12,603.26,24694.451
1729008000000,603.26,619.0,598.06,599.06,6136.129
1729022400000,599.06,600.29,585.93,598.0,5059.244
1729036800000,598.0,633.37,591.78,626.37,8103.766
1729051200000,626.37,634.66,607.3,607.86,12177.0
1729065600000,607.86,613.83,588.73,593.68,8326.83
1729080000000,593.68,597.32,572.53,576.45,12857.778
1729094400000,576.45,581.29,570.22,576.04,5646.549
1729108800000,576.04,593.59,576.04,579.29,5297.715
1729123200000,579.29,593.76,579.29,583.06,3756.628
1729137600000,583.06,584.52,566.1,575.75,5666.912
1729152000000,575.75,596.2,572.81,575.28,10687.547
1729166400000,575.28,590.17,574.67,586.64,5703.416
1729180800000,586.64,586.86,561.05,580.79,8423.33
1729195200000,580.79,591.41,576.02,578.28,3809.255
1729209600000,578.28,596.33,577.89,592.22,5986.588
1729224000000,592.22,598.24,569.57,577.98,12656.506
1729238400000,577.98,581.69,571.01,572.36,10646.025
1729252800000,572.36,584.09,565.49,580.55,13284.641
1729267200000,580.55,588.59,573.39,573.94,5579.567
1729281600000,573.94,578.16,571.08,576.41,2898.182
1729296000000,576.41,587.0,572.51,580.51,2249.641
1729310400000,580.51,583.31,570.75,572.99,1838.389
1729324800000,572.99,575.75,557.08,560.86,8043.691
1729339200000,560.86,563.78,555.01,557.23,2638.56
1729353600000,557.23,558.55,549.07,555.63,4433.282
1729368000000,555.63,561.02,555.0,558.02,2187.823
1729382400000,558.02,565.43,555.48,562.74,2707.766
1729396800000,562.74,563.94,553.09,560.95,2214.797
1729411200000,560.95,578.8,557.78,578.76,3740.541
1729425600000,578.76,591.4,570.01,579.1,12207.516
1729440000000,579.1,588.17,568.77,588.06,4930.06
1729454400000,588.06,607.97,587.02,603.49,10798.845
1729468800000,603.49,611.16,591.07,591.35,3942.514
1729483200000,591.35,597.35,585.6,590.51,4244.312
1729497600000,590.51,595.97,573.73,578.3,4974.635
1729512000000,578.3,580.38,540.99,555.13,11509.17
1729526400000,555.13,562.33,545.03,560.71,5706.671
1729540800000,560.71,562.05,546.8,547.14,3081.418
1729555200000,547.14,560.79,543.24,555.36,5982.0
1729569600000,555.36,561.47,552.34,556.76,2045.449
1729584000000,556.76,560.33,546.06,555.18,3689.535
1729598400000,555.18,558.54,542.21,549.77,6727.695
1729612800000,549.77,550.41,536.42,547.53,5471.592
1729627200000,547.53,552.39,543.15,543.3,1901.616
1729641600000,543.3,545.04,536.81,543.65,3232.674
1729656000000,543.65,549.41,537.0,538.47,2401.21
1729670400000,538.47,542.44,527.82,529.22,8545.873
1729684800000,529.22,534.86,520.35,525.16,7629.582
1729699200000,525.16,531.67,506.42,529.37,8987.668
1729713600000,529.37,531.55,520.46,527.61,2721.584
1729728000000,527.61,539.67,524.8,535.1,6519.219
1729742400000,535.1,541.4,532.09,532.95,2015.465
1729756800000,532.95,542.84,526.06,538.31,4098.358
1729771200000,538.31,561.09,536.69,552.3,10335.655
1729785600000,552.3,554.51,540.38,553.23,3366.754
1729800000000,553.23,553.99,540.36,542.76,5003.857
1729814400000,542.76,545.68,529.5,532.66,2789.39
1729828800000,532.66,537.52,527.15,530.19,2890.075
1729843200000,530.19,544.99,525.32,542.17,3368.518
1729857600000,542.17,545.93,528.15,531.58,5466.052
1729872000000,531.58,538.83,501.92,515.83,15732.239
1729886400000,515.83,517.94,458.0,485.99,46083.186
1729900800000,485.99,511.58,482.03,503.19,6453.291
1729915200000,503.19,514.61,501.98,510.28,1573.545
1729929600000,510.28,520.9,509.33,516.07,3406.634
1729944000000,516.07,516.69,500.2,508.57,5411.081
1729958400000,508.57,513.12,503.65,511.54,1900.319
1729972800000,511.54,515.51,508.57,510.62,1869.884
1729987200000,510.62,513.34,505.07,512.33,1126.882
1730001600000,512.33,512.82,503.12,504.43,1053.038
1730016000000,504.43,506.83,496.42,498.07,2394.386
1730030400000,498.07,516.83,497.54,513.33,5182.992
1730044800000,513.33,514.39,503.21,504.63,2381.476
1730059200000,504.63,514.9,502.39,510.5,2615.522
1730073600000,510.5,520.46,490.66,491.58,5380.467
1730088000000,491.58,510.31,490.47,509.45,2160.401
1730102400000,509.45,523.59,506.94,523.2,6596.94
1730116800000,523.2,529.41,505.11,505.99,8974.435
1730131200000,505.99,514.49,499.66,510.41,7908.428
1730145600000,510.41,524.81,506.09,513.91,5057.895
1730160000000,513.91,548.07,510.73,529.64,7821.789
1730174400000,529.64,534.11,523.54,525.92,5395.053
1730188800000,525.92,553.35,525.92,550.0,10976.417
1730203200000,550.0,554.4,541.34,551.76,5310.249
1730217600000,551.76,555.75,527.5,527.71,7688.233
1730232000000,527.71,529.9,515.36,521.6,7215.268
1730246400000,521.6,526.41,507.96,525.66,7135.299
1730260800000,525.66,529.81,519.32,520.74,4015.976
1730275200000,520.74,526.37,505.67,507.41,11070.345
1730289600000,507.41,514.4,497.45,499.79,11191.074
1730304000000,499.79,506.33,497.58,500.02,2976.284
1730318400000,500.02,505.23,493.57,493.9,6937.497
1730332800000,493.9,499.9,492.0,498.94,4280.535
1730347200000,498.94,505.85,494.0,497.94,2307.452
1730361600000,497.94,498.0,490.0,491.3,4811.712
1730376000000,491.3,492.89,478.14,487.05,11894.38
1730390400000,487.05,488.94,475.36,476.06,7167.089
1730404800000,476.06,486.44,475.81,484.51,2570.119
1730419200000,484.51,489.49,474.14,483.3,6530.803
1730433600000,483.3,483.57,450.14,456.94,12090.01
1730448000000,456.94,469.34,454.44,464.24,5395.473
1730462400000,464.24,482.45,455.0,460.44,16512.332
1730476800000,460.44,469.23,457.85,462.31,3819.044
1730491200000,462.31,465.77,454.4,463.97,6181.47
1730505600000,463.97,466.77,460.2,460.48,1632.035
1730520000000,460.48,463.39,457.44,461.49,955.409
1730534400000,461.49,462.5,453.91,455.86,3418.558
1730548800000,455.86,457.15,435.93,440.94,15010.214
1730563200000,440.94,442.87,430.55,435.71,19694.202
1730577600000,435.71,446.86,434.79,439.4,2260.737
1730592000000,439.4,442.97,421.0,426.14,8207.293
1730606400000,426.14,439.07,425.75,438.06,4109.152
1730620800000,438.06,438.15,428.3,428.88,2217.676
1730635200000,428.88,432.28,407.53,424.36,20894.253
1730649600000,424.36,435.75,422.8,435.54,7266.186
1730664000000,435.54,442.91,431.31,433.9,8149.359
1730678400000,433.9,440.59,428.45,432.71,4058.694
1730692800000,432.71,435.04,426.73,428.39,2399.812
1730707200000,428.39,433.68,423.17,430.46,4769.212
1730721600000,430.46,435.65,421.43,425.57,6200.593
1730736000000,425.57,427.19,413.71,413.77,5498.222
1730750400000,413.77,424.8,403.6,419.47,18282.265
1730764800000,419.47,426.47,416.01,422.21,1785.424
1730779200000,422.21,430.31,421.2,428.8,2173.729
1730793600000,428.8,433.4,425.21,429.55,2463.026
1730808000000,429.55,453.77,428.26,449.44,17965.256
1730822400000,449.44,465.51,446.41,449.4,21076.203
1730836800000,449.4,459.28,447.3,458.35,4543.503
1730851200000,458.35,510.5,457.13,503.79,32919.872
1730865600000,503.79,517.62,492.73,504.92,19159.564
1730880000000,504.92,531.98,488.39,529.98,31625.015
1730894400000,529.98,538.8,511.44,513.91,19676.918
1730908800000,513.91,524.25,513.38,520.18,5142.279
1730923200000,520.18,533.11,515.57,527.53,9508.532
1730937600000,527.53,548.74,523.74,532.34,7955.59
1730952000000,532.34,534.49,509.71,510.72,6110.262
1730966400000,510.72,521.36,510.38,516.45,6493.641
1730980800000,516.45,523.31,503.51,518.45,11199.659
1730995200000,518.45,523.8,506.15,514.09,17555.958
1731009600000,514.09,519.59,504.75,508.49,5543.797
1731024000000,508.49,517.21,497.08,502.5,8350.468
1731038400000,502.5,509.6,498.72,503.08,2846.304
1731052800000,503.08,508.46,497.7,499.94,6733.269
1731067200000,499.94,511.26,494.01,500.29,7478.756
1731081600000,500.29,503.0,487.57,501.2,7777.356
1731096000000,501.2,505.82,495.04,499.41,4265.378
1731110400000,499.41,519.2,498.06,513.81,6260.266
1731124800000,513.81,516.85,503.52,507.83,5015.914
1731139200000,507.83,521.55,505.3,507.84,5605.539
1731153600000,507.84,507.84,488.01,494.67,12234.527
1731168000000,494.67,503.96,485.28,499.71,10845.821
1731182400000,499.71,531.37,497.0,516.36,8849.598
1731196800000,516.36,524.97,504.54,519.18,12278.875
1731211200000,519.18,526.17,505.27,518.17,10585.985
1731225600000,518.17,532.63,517.63,530.33,12332.369
1731240000000,530.33,568.69,520.28,562.15,23083.209
1731254400000,562.15,576.02,540.44,550.36,21791.123
1731268800000,550.36,575.61,529.38,560.97,16291.707
1731283200000,560.97,579.3,557.59,576.64,8805.605
1731297600000,576.64,577.76,543.16,573.19,11313.098
1731312000000,573.19,597.2,572.72,590.38,17130.78
1731326400000,590.38,592.25,558.01,567.52,24221.617
1731340800000,567.52,623.48,565.63,602.03,23986.94
1731355200000,602.03,620.46,585.83,607.04,15356.93
1731369600000,607.04,624.66,581.3,617.8,17044.029
1731384000000,617.8,619.38,588.18,598.66,7340.605
1731398400000,598.66,601.09,510.26,555.85,47631.192
1731412800000,555.85,560.22,532.72,539.72,19456.493
1731427200000,539.72,581.79,528.52,566.27,11793.506
1731441600000,566.27,582.92,556.1,568.89,11781.672
1731456000000,568.89,572.5,539.34,540.08,10035.142
1731470400000,540.08,554.23,522.28,539.41,5239.544
1731484800000,539.41,551.74,535.64,546.55,5646.846
1731499200000,546.55,577.03,542.2,566.56,18972.864
1731513600000,566.56,574.63,528.04,530.13,18715.219
1731528000000,530.13,540.36,517.28,538.83,11180.728
1731542400000,538.83,542.19,527.28,541.59,3047.615
1731556800000,541.59,560.72,537.8,551.11,6483.427
1731571200000,551.11,553.98,513.33,520.95,11512.384
1731585600000,520.95,521.37,495.51,502.46,15910.92
1731600000000,502.46,517.84,499.62,505.03,7152.435
1731614400000,505.03,505.95,487.5,495.24,12420.532
1731628800000,495.24,508.21,491.57,504.66,4133.808
1731643200000,504.66,513.61,489.9,501.35,3862.665
1731657600000,501.35,514.36,498.31,511.54,3105.347
1731672000000,511.54,518.83,494.04,497.8,9146.229
1731686400000,497.8,507.33,495.26,504.3,4561.075
1731700800000,504.3,522.69,503.94,518.78,10490.365
1731715200000,518.78,539.39,512.83,535.61,4328.749
1731729600000,535.61,537.52,523.14,524.9,3997.75
1731744000000,524.9,535.26,520.57,535.25,3973.032
1731758400000,535.25,539.44,507.88,514.55,9111.937
1731772800000,514.55,530.96,508.57,526.78,3707.589
1731787200000,526.78,526.87,512.78,518.38,3901.694
1731801600000,518.38,519.85,486.0,499.99,7629.196
1731816000000,499.99,520.71,497.86,518.01,7799.155
1731830400000,518.01,522.85,505.07,505.8,8249.177
1731844800000,505.8,515.82,499.45,505.26,7266.429
1731859200000,505.26,506.42,495.0,497.5,8583.998
1731873600000,497.5,500.59,486.1,491.57,12952.448
1731888000000,491.57,499.64,488.21,498.0,3184.445
1731902400000,498.0,508.23,490.0,501.91,6561.098
1731916800000,501.91,502.17,487.53,490.4,8174.721
1731931200000,490.4,505.16,475.77,502.6,17852.12
1731945600000,502.6,527.52,489.05,503.95,32006.239
1731960000000,503.95,519.57,498.07,512.16,16429.69
1731974400000,512.16,512.67,493.8,494.04,5578.183
1731988800000,494.04,495.6,489.39,492.37,5161.739
1732003200000,492.37,494.8,484.64,493.2,11567.519
1732017600000,493.2,498.63,474.76,480.9,14072.59
1732032000000,480.9,503.69,479.42,495.13,10421.815
1732046400000,495.13,502.75,473.1,482.61,14575.816
1732060800000,482.61,483.08,461.0,467.99,11218.559
1732075200000,467.99,469.92,461.7,467.5,5328.384
1732089600000,467.5,484.0,467.0,475.52,12757.049
1732104000000,475.52,491.54,469.6,479.59,15311.447
1732118400000,479.59,481.25,450.0,457.67,24082.344
1732132800000,457.67,488.8,454.08,481.82,16794.5
1732147200000,481.82,504.22,475.82,478.61,10858.955
1732161600000,478.61,500.6,477.15,481.91,6642.737
1732176000000,481.91,483.04,461.48,465.91,13066.517
1732190400000,465.91,513.76,465.75,493.09,32095.154
1732204800000,493.09,524.61,492.75,513.9,18732.735
1732219200000,513.9,529.19,508.59,519.28,9361.843
1732233600000,519.28,521.37,505.64,508.77,5905.6
1732248000000,508.77,514.81,496.5,497.44,8616.446
1732262400000,497.44,504.77,490.0,503.74,8808.551
1732276800000,503.74,507.85,484.5,492.97,13792.705
1732291200000,492.97,494.0,484.54,486.48,4532.703
1732305600000,486.48,515.22,484.78,511.77,10983.661
1732320000000,511.77,535.26,505.2,523.54,13253.01
1732334400000,523.54,534.64,511.67,534.59,10577.208
1732348800000,534.59,535.6,519.99,523.02,10428.987
1732363200000,523.02,548.89,519.62,534.59,16757.417
1732377600000,534.59,541.04,503.04,512.99,28474.897
1732392000000,512.99,536.23,498.98,522.05,13805.615
1732406400000,522.05,543.55,518.56,541.49,13918.04
1732420800000,541.49,548.69,528.2,544.66,7560.546
1732435200000,544.66,545.11,511.11,512.87,13988.421
1732449600000,512.87,518.35,486.0,490.44,24841.057
1732464000000,490.44,510.82,488.0,504.6,6942.674
1732478400000,504.6,529.38,502.81,527.64,7669.153
1732492800000,527.64,539.79,516.41,526.44,7511.506
1732507200000,526.44,539.18,521.17,524.84,6366.968
1732521600000,524.84,541.67,519.08,523.74,14359.957
1732536000000,523.74,531.24,491.37,520.77,31881.788
1732550400000,520.77,544.63,507.79,537.89,38798.053
1732564800000,537.89,565.92,526.54,546.5,34627.749
1732579200000,546.5,562.66,541.63,548.65,11744.448
1732593600000,548.65,573.9,529.66,536.53,8769.531
1732608000000,536.53,541.59,503.77,517.92,15745.039
1732622400000,517.92,539.99,509.32,517.46,18364.779
1732636800000,517.46,541.83,514.75,534.79,14494.841
1732651200000,534.79,570.18,533.15,558.86,18554.573
1732665600000,558.86,571.0,547.07,550.75,9514.91
1732680000000,550.75,566.32,542.36,559.25,6165.789
1732694400000,559.25,577.92,553.7,572.5,12961.657
1732708800000,572.5,594.01,559.56,584.46,18371.01
1732723200000,584.46,589.29,573.55,574.82,10587.122
1732737600000,574.82,587.96,561.11,561.62,5013.581
1732752000000,561.62,568.0,555.0,561.93,4464.399
1732766400000,561.93,582.25,559.1,572.38,3680.159
1732780800000,572.38,580.0,560.0,568.94,4033.43
1732795200000,568.94,574.29,551.02,551.79,7359.695
1732809600000,551.79,591.65,551.79,580.99,9651.945
1732824000000,580.99,610.06,576.61,595.55,14077.808
1732838400000,595.55,601.64,582.81,599.32,5556.684
1732852800000,599.32,624.72,598.14,602.49,13485.938
1732867200000,602.49,639.91,602.42,624.22,13195.14
1732881600000,624.22,636.35,610.29,614.54,7714.969
1732896000000,614.54,627.75,613.08,615.56,4520.084
1732910400000,615.56,621.99,614.6,618.42,3122.728
1732924800000,618.42,620.91,609.65,616.68,2792.334
1732939200000,616.68,622.21,610.53,617.59,2401.324
1732953600000,617.59,633.64,611.57,624.38,6954.88
1732968000000,624.38,681.1,623.81,669.07,27415.237
1732982400000,669.07,679.56,651.99,657.86,8585.26
1732996800000,657.86,679.47,655.67,678.22,4430.975
1733011200000,678.22,679.33,646.67,651.15,8611.612
1733025600000,651.15,659.18,644.33,646.52,3516.903
1733040000000,646.52,655.09,640.98,652.01,5257.501
1733054400000,652.01,659.68,648.95,651.12,5290.377
1733068800000,651.12,651.64,637.28,640.61,7721.614
1733083200000,640.61,643.66,627.0,636.69,7715.089
1733097600000,636.69,645.2,610.45,612.95,6990.503
1733112000000,612.95,621.87,601.11,613.1,8350.75
1733126400000,613.1,615.47,576.25,586.71,16225.88
1733140800000,586.71,611.01,582.89,605.32,10938.926
1733155200000,605.32,609.22,566.0,586.36,17171.386
1733169600000,586.36,608.43,583.06,607.1,7658.707
1733184000000,607.1,609.63,590.28,604.16,4660.327
1733198400000,604.16,628.57,601.44,622.19,15221.1
1733212800000,622.19,629.37,597.94,614.88,14404.774
1733227200000,614.88,615.5,569.23,599.42,19225.55
1733241600000,599.42,611.18,583.65,603.79,9180.909
1733256000000,603.79,624.91,602.62,619.53,8297.399
1733270400000,619.53,638.17,617.87,631.87,8140.141
1733284800000,631.87,709.29,629.72,708.05,28872.458
1733299200000,708.05,726.65,687.19,695.31,24278.267
1733313600000,695.31,707.21,681.0,698.57,17749.799
1733328000000,698.57,702.27,660.26,679.3,17419.389
1733342400000,679.3,685.95,643.1,655.8,14471.05
1733356800000,655.8,679.74,625.42,664.33,15564.279
1733371200000,664.33,688.26,655.56,670.29,6132.157
1733385600000,670.29,681.35,662.39,674.23,5355.412
1733400000000,674.23,701.79,674.23,697.67,17003.965
1733414400000,697.67,724.42,678.25,684.15,22836.085
1733428800000,684.15,702.57,649.02,681.25,25509.261
1733443200000,681.25,738.44,673.03,729.34,31247.533
1733457600000,729.34,745.0,716.43,729.0,9427.006
1733472000000,729.0,743.36,707.82,728.05,11609.992
1733486400000,728.05,742.24,700.33,712.2,15467.295
1733500800000,712.2,729.17,705.62,711.42,8940.018
1733515200000,711.42,717.75,700.36,707.19,6330.632
1733529600000,707.19,714.02,698.0,707.55,3260.46
1733544000000,707.55,719.44,703.68,710.28,3102.181
1733558400000,710.28,713.21,694.8,701.9,5529.732
1733572800000,701.9,707.89,696.24,705.38,4379.032
1733587200000,705.38,706.74,686.73,692.56,7121.425
1733601600000,692.56,705.0,692.1,698.92,2713.611
1733616000000,698.92,710.9,692.8,692.8,3098.049
1733630400000,692.8,700.17,681.83,695.17,5902.339
1733644800000,695.17,699.0,676.2,690.02,7321.942
1733659200000,690.02,704.64,684.42,700.98,9985.966
1733673600000,700.98,704.23,686.49,691.67,6620.157
1733688000000,691.67,716.46,686.79,712.81,6441.291
1733702400000,712.81,714.03,664.16,673.67,11172.488
1733716800000,673.67,684.2,658.02,677.88,9044.668
1733731200000,677.88,678.07,650.47,652.29,10170.336
1733745600000,652.29,680.69,645.68,653.43,10067.399
1733760000000,653.43,665.0,641.98,643.82,10778.967
1733774400000,643.82,646.5,497.18,597.73,97180.432
1733788800000,597.73,612.54,550.53,573.98,16421.425
1733803200000,573.98,593.19,564.4,583.12,4673.328
1733817600000,583.12,603.18,573.33,589.49,7854.444
1733832000000,589.49,589.87,530.63,532.02,14936.53
1733846400000,532.02,562.12,529.43,559.98,14426.643
1733860800000,559.98,588.0,555.96,574.3,7018.814
1733875200000,574.3,576.0,550.75,571.65,5773.118
1733889600000,571.65,584.02,566.0,568.43,2412.916
1733904000000,568.43,588.29,568.22,576.59,4417.83
1733918400000,576.59,615.06,576.59,611.92,14689.216
1733932800000,611.92,620.0,600.98,609.38,10122.468
1733947200000,609.38,612.11,598.8,600.42,4684.08
1733961600000,600.42,644.87,599.33,635.19,5859.025
1733976000000,635.19,637.87,622.01,625.19,7089.271
1733990400000,625.19,630.92,604.16,607.71,8330.947
1734004800000,607.71,620.83,601.0,606.96,8865.573
1734019200000,606.96,616.56,583.32,586.4,11780.918
1734033600000,586.4,594.61,572.07,577.47,10198.109
1734048000000,577.47,585.26,567.38,580.21,3063.747
1734062400000,580.21,582.07,562.25,570.41,5543.678
1734076800000,570.41,580.34,565.31,573.68,3785.279
1734091200000,573.68,589.51,570.88,573.81,7248.662
1734105600000,573.81,583.48,567.66,574.8,6346.02
1734120000000,574.8,578.75,566.0,578.22,3155.465
1734134400000,578.22,588.19,573.0,573.98,3263.142
1734148800000,573.98,586.83,571.32,581.7,2258.6
1734163200000,581.7,586.4,575.63,579.05,2719.167
1734177600000,579.05,581.5,556.32,566.92,8495.964
1734192000000,566.92,566.92,540.58,546.29,14354.017
1734206400000,546.29,561.19,537.88,560.36,5282.014
1734220800000,560.36,567.07,552.0,553.61,3985.035
1734235200000,553.61,562.63,540.22,546.83,2673.807
1734249600000,546.83,560.15,546.37,559.12,2475.887
1734264000000,559.12,575.2,555.82,568.46,6831.199
1734278400000,568.46,573.23,560.15,565.71,2732.764
1734292800000,565.71,577.24,546.9,574.32,8623.9
1734307200000,574.32,586.08,554.38,558.33,5090.535
1734321600000,558.33,568.8,556.27,560.59,2678.31
1734336000000,560.59,562.13,535.18,536.51,7082.639
1734350400000,536.51,547.73,535.71,543.56,7956.046
1734364800000,543.56,559.41,541.8,550.62,8684.799
1734379200000,550.62,553.78,538.39,541.41,4158.188
1734393600000,541.41,541.82,528.11,539.95,4946.023
1734408000000,539.95,540.71,524.55,528.12,4640.338
1734422400000,528.12,540.6,525.81,537.06,4421.735
1734436800000,537.06,545.27,518.77,526.82,10565.105
1734451200000,526.82,539.4,521.74,531.0,7432.397
1734465600000,531.0,533.4,509.35,519.38,13736.539
1734480000000,519.38,530.12,516.59,516.82,2983.509
1734494400000,516.82,524.05,508.08,523.51,3222.95
1734508800000,523.51,534.42,518.57,526.79,3867.834
1734523200000,526.79,530.96,515.42,522.07,6889.743
1734537600000,522.07,537.67,516.47,516.47,10891.726
1734552000000,516.47,521.49,481.0,500.27,38745.734
1734566400000,500.27,505.79,452.0,502.34,24347.289
1734580800000,502.34,504.31,491.0,494.11,3607.754
1734595200000,494.11,499.96,484.06,489.49,4929.876
1734609600000,489.49,494.44,465.7,475.49,10243.126
1734624000000,475.49,482.06,432.64,455.49,26844.993
1734638400000,455.49,466.2,440.4,446.61,18154.123
1734652800000,446.61,471.06,439.42,461.84,4989.779
1734667200000,461.84,464.58,437.65,448.37,5384.077
1734681600000,448.37,448.44,398.95,401.0,32497.413
1734696000000,401.0,462.07,400.0,451.86,18575.127
1734710400000,451.86,480.77,449.53,477.26,9274.869
1734724800000,477.26,477.94,459.01,472.69,7013.832
1734739200000,472.69,490.67,472.32,488.39,3517.592
1734753600000,488.39,507.46,485.87,498.71,5594.138
1734768000000,498.71,500.9,480.48,487.65,17068.881
1734782400000,487.65,487.99,459.0,468.67,13923.002
1734796800000,468.67,469.46,449.45,455.68,6456.771
1734811200000,455.68,461.64,450.48,455.45,2959.393
1734825600000,455.45,460.5,447.18,454.45,3535.464
1734840000000,454.45,458.67,441.4,455.51,2871.481
1734854400000,455.51,470.45,455.02,464.77,5965.708
1734868800000,464.77,471.13,448.68,454.12,8114.013
1734883200000,454.12,464.84,441.49,442.18,3953.925
1734897600000,442.18,459.02,439.53,449.87,7711.131
1734912000000,449.87,467.12,439.88,465.34,3547.534
1734926400000,465.34,467.6,448.72,454.74,2017.043
1734940800000,454.74,464.58,453.41,455.8,1817.883
1734955200000,455.8,460.65,442.12,445.53,3416.631
1734969600000,445.53,464.27,444.82,462.94,4420.323
1734984000000,462.94,505.56,462.54,485.04,12700.901
1734998400000,485.04,486.85,475.15,483.86,3447.715
1735012800000,483.86,500.05,480.82,493.29,4517.004
1735027200000,493.29,501.29,485.68,495.38,4522.361
1735041600000,495.38,507.51,489.21,502.35,5795.155
1735056000000,502.35,506.0,490.9,491.38,4108.953
1735070400000,491.38,504.55,485.61,503.62,3483.777
1735084800000,503.62,505.52,497.45,501.98,2405.543
1735099200000,501.98,510.35,498.92,500.5,3950.826
1735113600000,500.5,512.05,494.68,500.66,7190.215
1735128000000,500.66,521.29,495.51,510.59,6975.478
1735142400000,510.59,513.29,496.97,502.11,4843.838
1735156800000,502.11,504.76,489.88,499.46,4256.822
1735171200000,499.46,505.42,482.22,483.76,2651.471
1735185600000,483.76,485.15,476.66,482.02,4521.253
1735200000000,482.02,484.1,469.68,478.01,5794.836
1735214400000,478.01,479.13,469.7,471.87,3140.129
1735228800000,471.87,477.07,465.08,470.34,4204.359
1735243200000,470.34,476.37,464.2,472.06,3145.026
1735257600000,472.06,476.38,467.36,474.57,1204.835
1735272000000,474.57,478.58,463.69,468.1,1880.495
1735286400000,468.1,495.85,468.1,494.53,5694.258
1735300800000,494.53,495.71,468.3,472.69,5266.629
1735315200000,472.69,483.28,465.85,479.33,2180.67
1735329600000,479.33,479.94,463.15,468.85,2181.205
1735344000000,468.85,471.33,463.56,467.64,2238.913
1735358400000,467.64,468.98,459.16,460.73,1478.592
1735372800000,460.73,469.03,460.73,467.9,1482.558
1735387200000,467.9,476.67,461.65,466.68,3159.861
1735401600000,466.68,474.91,466.17,469.87,2677.661
1735416000000,469.87,475.31,468.39,472.56,2224.508
1735430400000,472.56,474.0,466.18,471.09,1301.93
1735444800000,471.09,472.0,464.78,470.83,1580.511
1735459200000,470.83,471.45,465.0,468.16,1013.444
1735473600000,468.16,468.71,457.07,462.16,2024.707
1735488000000,462.16,462.96,454.73,458.57,1880.416
1735502400000,458.57,461.28,453.34,458.99,2036.89
1735516800000,458.99,475.86,456.46,471.37,2242.111
1735531200000,471.37,476.2,465.56,470.82,1930.388
1735545600000,470.82,474.77,460.49,465.57,1317.379
1735560000000,465.57,471.72,442.35,447.87,7106.646
1735574400000,447.87,463.98,444.1,463.03,4172.324
1735588800000,463.03,468.78,447.15,451.64,3379.836
1735603200000,451.64,452.1,438.5,443.44,3291.076
1735617600000,443.44,446.13,436.26,440.0,1521.318
1735632000000,440.0,450.91,438.96,444.47,2136.833
1735646400000,444.47,458.34,443.43,451.56,2667.132
1735660800000,451.56,452.93,438.85,445.59,3687.486
1735675200000,445.59,448.51,439.89,440.85,2231.384
1735689600000,440.85,448.86,440.33,442.38,1463.653
1735704000000,442.38,446.78,440.45,444.64,506.973
1735718400000,444.64,448.67,434.88,445.34,2214.224
1735732800000,445.34,451.31,441.41,451.08,1659.838
1735747200000,451.08,465.86,446.05,464.49,3740.423
1735761600000,464.49,490.89,464.49,489.39,4068.305
1735776000000,489.39,544.0,486.41,541.82,11574.32
1735790400000,541.82,545.95,508.71,522.24,8992.1
1735804800000,522.24,530.93,514.49,521.85,7087.969
1735819200000,521.85,530.54,510.16,511.65,8262.501
1735833600000,511.65,519.35,507.6,515.15,4645.327
1735848000000,515.15,525.81,514.87,522.13,5576.783
1735862400000,522.13,529.51,517.58,521.35,4405.792
1735876800000,521.35,532.69,520.57,530.42,4056.224
1735891200000,530.42,558.55,523.68,557.25,10040.171
1735905600000,557.25,572.36,542.2,566.79,10863.683
1735920000000,566.79,569.78,550.19,557.08,6231.039
1735934400000,557.08,566.07,549.51,552.65,3505.422
1735948800000,552.65,555.55,545.59,554.89,2522.261
1735963200000,554.89,577.69,552.45,571.39,4694.705
1735977600000,571.39,571.88,560.36,566.66,3958.265
1735992000000,566.66,586.42,558.37,558.86,12174.074
1736006400000,558.86,575.41,554.28,568.37,5607.868
1736020800000,568.37,574.0,559.39,560.33,2352.057
1736035200000,560.33,563.23,551.59,558.69,2183.903
1736049600000,558.69,564.56,555.71,556.78,1182.292
1736064000000,556.78,557.62,548.0,555.13,2924.441
1736078400000,555.13,564.09,549.26,562.91,3392.675
1736092800000,562.91,566.55,554.04,559.19,2578.67
1736107200000,559.19,572.91,556.56,562.89,4260.839
1736121600000,562.89,574.22,551.0,563.48,4594.49
1736136000000,563.48,566.0,553.04,557.54,3912.943
1736150400000,557.54,558.69,543.05,548.96,7283.831
1736164800000,548.96,575.35,541.69,570.82,11705.658
1736179200000,570.82,588.73,555.55,561.41,11758.468
1736193600000,561.41,563.58,549.18,555.7,3259.087
1736208000000,555.7,559.02,541.16,544.01,1389.299
1736222400000,544.01,544.38,532.41,540.04,3783.637
1736236800000,540.04,543.4,532.32,535.93,3048.666
1736251200000,535.93,539.51,512.0,525.81,12497.73
1736265600000,525.81,529.89,502.0,503.44,9758.907
1736280000000,503.44,509.57,497.6,498.85,4645.758
1736294400000,498.85,502.07,477.7,480.54,8254.46
1736308800000,480.54,481.78,456.94,470.26,6910.748
1736323200000,470.26,481.76,464.26,469.55,5665.113
1736337600000,469.55,476.92,464.6,468.42,5088.818
1736352000000,468.42,472.73,438.38,467.02,17298.891
1736366400000,467.02,472.82,455.62,466.81,4956.544
1736380800000,466.81,475.37,459.37,460.6,3308.077
1736395200000,460.6,463.64,446.23,447.72,5005.945
1736409600000,447.72,462.72,446.19,452.76,4353.138
1736424000000,452.76,468.15,435.67,461.41,8253.154
1736438400000,461.41,466.92,437.28,437.58,7551.154
1736452800000,437.58,439.77,427.71,432.58,6452.459
1736467200000,432.58,437.44,426.6,432.78,3935.642
1736481600000,432.78,455.2,430.23,449.22,5900.412
1736496000000,449.22,455.41,442.75,447.06,5488.924
1736510400000,447.06,448.27,420.11,432.67,17761.795
1736524800000,432.67,446.03,425.0,441.94,6961.906
1736539200000,441.94,441.99,433.38,438.6,2022.363
1736553600000,438.6,440.69,430.56,432.15,1054.01
1736568000000,432.15,437.53,430.14,432.68,1199.867
1736582400000,432.68,436.39,427.96,434.63,2430.944
1736596800000,434.63,435.37,428.39,431.51,1465.4
1736611200000,431.51,435.16,428.61,434.5,1798.551
1736625600000,434.5,458.61,433.52,445.35,8579.061
1736640000000,445.35,451.19,441.03,444.23,2049.137
1736654400000,444.23,452.47,441.36,445.41,878.118
1736668800000,445.41,447.47,434.6,442.53,3481.381
1736683200000,442.53,451.32,439.61,447.27,4901.862
1736697600000,447.27,451.77,443.17,446.05,1522.207
1736712000000,446.05,448.2,435.23,443.71,3842.476
1736726400000,443.71,456.32,428.89,431.64,4873.911
1736740800000,431.64,437.1,409.0,419.16,7936.732
1736755200000,419.16,419.35,392.33,393.96,17749.762
1736769600000,393.96,416.15,384.34,409.79,24798.541
1736784000000,409.79,413.02,392.5,401.04,9790.882
1736798400000,401.04,426.99,397.14,420.31,9464.0
1736812800000,420.31,427.78,416.41,421.46,2192.452
1736827200000,421.46,428.54,417.15,417.55,2545.921
1736841600000,417.55,433.7,417.41,420.09,4856.125
1736856000000,420.09,427.14,410.2,419.2,6017.639
1736870400000,419.2,419.82,412.3,414.45,4877.05
1736884800000,414.45,422.0,410.81,416.39,3276.55
1736899200000,416.39,422.28,411.13,416.78,2679.986
1736913600000,416.78,419.76,411.38,416.07,2064.258
1736928000000,416.07,419.42,402.34,405.96,5843.403
1736942400000,405.96,442.68,403.8,439.88,16677.172
1736956800000,439.88,458.96,438.88,457.28,5004.946
1736971200000,457.28,470.95,449.15,458.43,7412.779
1736985600000,458.43,460.76,440.25,441.4,2917.77
1737000000000,441.4,456.91,441.4,454.22,1723.757
1737014400000,454.22,456.12,440.14,454.7,3043.231
1737028800000,454.7,469.59,443.33,453.05,9335.479
1737043200000,453.05,460.05,448.35,455.51,3969.745
1737057600000,455.51,457.4,438.21,445.4,3212.383
1737072000000,445.4,458.0,445.4,448.32,2253.858
1737086400000,448.32,459.24,448.32,458.36,2416.486
1737100800000,458.36,477.14,457.44,472.61,6294.545
1737115200000,472.61,491.72,469.89,478.49,8864.405
1737129600000,478.49,487.73,471.71,478.14,5259.727
1737144000000,478.14,493.33,477.82,484.83,3568.469
1737158400000,484.83,495.12,463.58,466.19,4300.426
1737172800000,466.19,471.72,447.11,452.98,7923.871
1737187200000,452.98,453.92,442.0,452.26,5148.488
1737201600000,452.26,460.34,446.33,449.62,5547.857
1737216000000,449.62,453.18,440.0,452.38,3578.18
1737230400000,452.38,462.26,445.77,457.33,2439.55
1737244800000,457.33,467.5,455.25,455.4,2149.513
1737259200000,455.4,456.14,433.11,438.31,4157.149
1737273600000,438.31,438.64,409.57,421.85,14065.325
1737288000000,421.85,487.74,420.75,470.5,12415.941
1737302400000,470.5,473.23,451.51,457.13,5951.077
1737316800000,457.13,461.84,418.31,427.0,12422.705
1737331200000,427.0,431.69,413.04,423.85,5909.084
1737345600000,423.85,467.43,419.08,448.75,11288.95
1737360000000,448.75,470.45,442.7,449.41,5853.19
1737374400000,449.41,449.76,427.15,430.0,5282.954
1737388800000,430.0,434.97,405.7,421.72,10494.424
1737403200000,421.72,421.72,405.03,407.76,5113.363
1737417600000,407.76,408.19,392.41,397.73,6188.33
1737432000000,397.73,397.73,386.32,394.97,5396.754
1737446400000,394.97,411.6,392.0,406.64,5830.935
1737460800000,406.64,409.04,395.8,401.34,5637.317
1737475200000,401.34,433.86,399.94,420.08,11695.713
1737489600000,420.08,433.82,410.85,426.48,7775.647
1737504000000,426.48,435.39,416.72,422.75,2870.531
1737518400000,422.75,431.88,422.75,427.37,2998.067
1737532800000,427.37,428.1,413.04,420.18,5636.213
1737547200000,420.18,422.12,407.37,413.96,6281.748
1737561600000,413.96,415.6,405.43,410.82,3828.428
1737576000000,410.82,415.95,398.05,400.02,4575.393
1737590400000,400.02,400.02,388.67,392.26,6555.996
1737604800000,392.26,394.88,386.46,392.63,3781.371
1737619200000,392.63,394.53,378.35,381.54,7934.257
1737633600000,381.54,395.07,375.59,385.93,14315.951
1737648000000,385.93,396.96,374.39,376.57,11818.03
1737662400000,376.57,402.8,370.2,379.9,15541.849
1737676800000,379.9,382.27,362.55,368.21,8233.575
1737691200000,368.21,384.67,366.58,381.69,7053.182
1737705600000,381.69,390.56,380.64,387.79,7635.977
1737720000000,387.79,390.26,375.38,383.77,10356.46
1737734400000,383.77,384.68,377.28,380.9,5760.957
1737748800000,380.9,382.53,368.77,372.55,7581.914
1737763200000,372.55,374.19,363.0,371.67,5156.247
1737777600000,371.67,372.61,366.37,366.81,3344.586
1737792000000,366.81,374.33,363.5,373.49,5285.776
1737806400000,373.49,383.22,369.6,381.1,5194.123
1737820800000,381.1,390.18,373.52,387.45,9040.074
1737835200000,387.45,419.24,387.27,408.44,23402.781
1737849600000,408.44,421.26,407.38,410.52,6461.821
1737864000000,410.52,416.71,402.24,414.88,4989.825
1737878400000,414.88,431.0,411.46,429.58,10465.243
1737892800000,429.58,452.01,421.07,440.84,21928.725
1737907200000,440.84,462.97,440.61,455.11,14323.594
1737921600000,455.11,460.14,428.45,432.9,20492.429
1737936000000,432.9,443.12,415.41,426.63,19609.789
1737950400000,426.63,426.75,399.56,413.42,16112.538
1737964800000,413.42,424.8,386.13,399.02,19452.241
1737979200000,399.02,478.11,398.23,460.84,37024.52
1737993600000,460.84,474.04,429.05,436.44,26864.546
1738008000000,436.44,455.71,430.74,445.74,15296.562
1738022400000,445.74,451.55,428.05,444.63,6080.464
1738036800000,444.63,456.24,434.66,436.03,6192.154
1738051200000,436.03,449.88,431.43,445.46,9770.002
1738065600000,445.46,459.0,434.32,458.39,8822.924
1738080000000,458.39,464.23,447.67,458.27,15477.496
1738094400000,458.27,458.55,436.29,450.98,10581.08
1738108800000,450.98,466.77,443.87,466.15,5829.082
1738123200000,466.15,476.99,458.77,475.9,6256.013
1738137600000,475.9,497.54,468.0,478.56,24332.704
1738152000000,478.56,484.08,458.99,461.12,13234.323
1738166400000,461.12,473.75,441.19,458.46,21316.588
1738180800000,458.46,476.01,447.19,449.07,11669.65
1738195200000,449.07,462.97,444.7,462.97,2908.031
1738209600000,462.97,465.02,452.39,454.93,4549.542
1738224000000,454.93,470.29,449.01,468.31,7639.437
1738238400000,468.31,479.35,458.0,458.71,10194.583
1738252800000,458.71,475.52,455.19,460.28,7620.796
1738267200000,460.28,460.7,451.26,452.92,5816.938
1738281600000,452.92,459.87,447.69,450.93,4077.399
1738296000000,450.93,463.7,445.47,458.54,3841.453
1738310400000,458.54,463.0,448.96,462.9,4361.196
1738324800000,462.9,473.39,457.14,471.19,11391.702
1738339200000,471.19,476.25,453.5,468.05,12518.618
1738353600000,468.05,471.2,447.25,449.37,24593.123
1738368000000,449.37,458.49,442.65,455.65,24273.859
1738382400000,455.65,470.95,455.02,457.72,5517.98
1738396800000,457.72,460.8,418.86,423.26,22409.748
1738411200000,423.26,429.4,410.81,415.38,11052.366
1738425600000,415.38,418.78,402.7,404.46,7716.164
1738440000000,404.46,409.57,390.09,393.15,11095.694
1738454400000,393.15,405.72,378.08,380.73,8172.013
1738468800000,380.73,395.5,380.03,385.53,7274.87
1738483200000,385.53,392.77,375.03,379.58,10337.646
1738497600000,379.58,391.18,372.92,379.6,10177.587
1738512000000,379.6,380.2,346.38,368.12,31109.47
1738526400000,368.12,375.0,336.01,350.7,21199.159
1738540800000,350.7,350.8,235.16,290.92,77584.72
1738555200000,290.92,332.58,281.75,331.02,21995.643
1738569600000,331.02,336.23,314.0,324.25,16146.2
1738584000000,324.25,364.18,303.44,352.14,32698.556
1738598400000,352.14,366.92,336.88,364.43,18397.395
1738612800000,364.43,415.82,353.17,398.98,17365.979
1738627200000,398.98,400.32,374.01,381.46,6428.603
1738641600000,381.46,381.46,348.75,349.95,19781.891
1738656000000,349.95,370.8,346.53,362.0,12153.635
1738670400000,362.0,384.62,361.2,371.82,17449.92
1738684800000,371.82,393.03,366.62,372.14,12608.434
1738699200000,372.14,376.27,351.88,358.21,23115.755
1738713600000,358.21,363.3,350.63,356.94,5238.851
1738728000000,356.94,362.39,350.18,360.15,3162.216
1738742400000,360.15,370.45,355.01,367.59,8834.676
1738756800000,367.59,369.06,354.25,360.79,15440.209
1738771200000,360.79,363.14,341.22,360.43,14287.268
1738785600000,360.43,364.93,346.01,349.9,5907.007
1738800000000,349.9,356.13,343.31,354.25,2911.488
1738814400000,354.25,365.5,352.36,362.03,2809.399
1738828800000,362.03,376.67,357.51,364.65,11521.873
1738843200000,364.65,367.25,341.75,346.09,12311.496
1738857600000,346.09,348.87,327.5,329.05,12234.866
1738872000000,329.05,340.37,323.37,325.8,4469.276
1738886400000,325.8,342.26,325.69,333.81,2420.482
1738900800000,333.81,336.54,319.19,321.77,7337.302
1738915200000,321.77,339.68,320.05,335.67,6756.967
1738929600000,335.67,352.66,330.09,334.93,16662.038
1738944000000,334.93,335.23,321.48,323.46,8692.137
1738958400000,323.46,324.03,307.25,319.56,8813.625
1738972800000,319.56,325.55,317.22,323.97,3879.042
1738987200000,323.97,334.15,319.3,331.45,5349.58
1739001600000,331.45,343.27,328.03,341.66,4650.243
1739016000000,341.66,344.21,329.85,332.08,9125.063
1739030400000,332.08,349.25,327.45,343.25,16180.811
1739044800000,343.25,353.24,340.11,350.24,8257.274
1739059200000,350.24,369.46,344.42,368.42,11677.08
1739073600000,368.42,370.18,357.25,359.7,3571.467
1739088000000,359.7,367.65,354.81,359.25,4144.482
1739102400000,359.25,363.17,348.23,361.36,10675.049
1739116800000,361.36,367.36,356.37,358.65,7165.314
1739131200000,358.65,368.0,342.6,365.26,12655.784
1739145600000,365.26,374.76,350.53,361.62,5312.414
1739160000000,361.62,386.71,359.82,384.11,7311.117
1739174400000,384.11,393.12,381.18,390.37,7681.176
1739188800000,390.37,392.2,383.27,385.16,2949.218
